--begin state table initialization
INSERT INTO state (id, name, abbvr) VALUES ('1', 'Paraná', 'PR');
--end state table initialization
--begin city table initialization
INSERT INTO city (id, name, state_id) VALUES ('1', 'Guarapuava', '1');
--end city table initialization
--begin neighborhood table initialization
INSERT INTO neighborhood (id, name, city_id) VALUES ('1', 'Aeroporto', '1');
INSERT INTO neighborhood (id, name, city_id) VALUES ('2', 'Alto Cascavel', '1');
INSERT INTO neighborhood (id, name, city_id) VALUES ('3', 'Alto da XV', '1');
INSERT INTO neighborhood (id, name, city_id) VALUES ('4', 'Bairro dos Estados', '1');
INSERT INTO neighborhood (id, name, city_id) VALUES ('5', 'Batel', '1');
INSERT INTO neighborhood (id, name, city_id) VALUES ('6', 'Bonsucesso', '1');
INSERT INTO neighborhood (id, name, city_id) VALUES ('7', 'Boqueirão', '1');
INSERT INTO neighborhood (id, name, city_id) VALUES ('8', 'Cascavel', '1');
INSERT INTO neighborhood (id, name, city_id) VALUES ('9', 'Centro', '1');
INSERT INTO neighborhood (id, name, city_id) VALUES ('10', 'Cidade dos Lagos', '1');
INSERT INTO neighborhood (id, name, city_id) VALUES ('11', 'Conradinho', '1');
INSERT INTO neighborhood (id, name, city_id) VALUES ('12', 'Feroz II', '1');
INSERT INTO neighborhood (id, name, city_id) VALUES ('13', 'Industrial', '1');
INSERT INTO neighborhood (id, name, city_id) VALUES ('14', 'Jardim das Américas', '1');
INSERT INTO neighborhood (id, name, city_id) VALUES ('15', 'Jordão', '1');
INSERT INTO neighborhood (id, name, city_id) VALUES ('16', 'Karpinski', '1');
INSERT INTO neighborhood (id, name, city_id) VALUES ('17', 'Morro Alto', '1');
INSERT INTO neighborhood (id, name, city_id) VALUES ('18', 'Primavera', '1');
INSERT INTO neighborhood (id, name, city_id) VALUES ('19', 'Residencial 2000', '1');
INSERT INTO neighborhood (id, name, city_id) VALUES ('20', 'Residencial Virmond', '1');
INSERT INTO neighborhood (id, name, city_id) VALUES ('21', 'Santa Cruz', '1');
INSERT INTO neighborhood (id, name, city_id) VALUES ('22', 'Santana', '1');
INSERT INTO neighborhood (id, name, city_id) VALUES ('23', 'São Cristovão', '1');
INSERT INTO neighborhood (id, name, city_id) VALUES ('24', 'São João', '1');
INSERT INTO neighborhood (id, name, city_id) VALUES ('25', 'Sol Poente', '1');
INSERT INTO neighborhood (id, name, city_id) VALUES ('26', 'Trianon', '1');
INSERT INTO neighborhood (id, name, city_id) VALUES ('27', 'Vila Bela', '1');
INSERT INTO neighborhood (id, name, city_id) VALUES ('28', 'Vila Carli', '1');
INSERT INTO neighborhood (id, name, city_id) VALUES ('29', 'Vila Colibri', '1');
INSERT INTO neighborhood (id, name, city_id) VALUES ('30', 'Xarquinho', '1');
--end neighborhood table initialization

-- insert users data
INSERT INTO PUBLIC.USER (ID, CREATED_AT, UPDATE_AT, BIRTHDAY, CPF, EMAIL, GENRE, IS_ACCOUNT_NON_EXPIRED, IS_ACCOUNT_NON_LOCKED, IS_CREDENTIALS_NON_EXPIRED, IS_ENABLE, NAME, PASSWORD, CITY_ID) VALUES (1, '2018-11-22', '2018-11-22', '2018-11-22', '11111111110', 'Bruna@admin.com', 'Feminino', true, true, true, true, 'Bruna', '$2a$10$Vs4/HAkUKdCeddMJT82O5Otrj6XuO/qUFd2DQuykr./1fEthJY7Bu', 1);
INSERT INTO PUBLIC.USER (ID, CREATED_AT, UPDATE_AT, BIRTHDAY, CPF, EMAIL, GENRE, IS_ACCOUNT_NON_EXPIRED, IS_ACCOUNT_NON_LOCKED, IS_CREDENTIALS_NON_EXPIRED, IS_ENABLE, NAME, PASSWORD, CITY_ID) VALUES (2, '2018-11-22', '2018-11-22', '2017-11-22', '11111111111', 'Carla@admin.com', 'Feminino', true, true, true, true, 'Carla', '$2a$10$OTLwxWtyLMbkq7eSpApNYudEgb/kAGWUCEPjmbtDqJXuQZ58eagZK', 1);
INSERT INTO PUBLIC.USER (ID, CREATED_AT, UPDATE_AT, BIRTHDAY, CPF, EMAIL, GENRE, IS_ACCOUNT_NON_EXPIRED, IS_ACCOUNT_NON_LOCKED, IS_CREDENTIALS_NON_EXPIRED, IS_ENABLE, NAME, PASSWORD, CITY_ID) VALUES (3, '2018-11-22', '2018-11-22', '2016-11-22', '11111111112', 'Aline@admin.com', 'Feminino', true, true, true, true, 'Aline', '$2a$10$Ur/DmQk4.ktSwlOR.dzfI.6d7aSF0EkW4snduAxkUkv.g.NBEkdMa', 1);
INSERT INTO PUBLIC.USER (ID, CREATED_AT, UPDATE_AT, BIRTHDAY, CPF, EMAIL, GENRE, IS_ACCOUNT_NON_EXPIRED, IS_ACCOUNT_NON_LOCKED, IS_CREDENTIALS_NON_EXPIRED, IS_ENABLE, NAME, PASSWORD, CITY_ID) VALUES (4, '2018-11-22', '2018-11-22', '2015-11-22', '11111111113', 'Roni@admin.com', 'Masculino', true, true, true, true, 'Roni', '$2a$10$zwrUEj9LwgnxNFfpt66oUO.xOV9ebAPVWwtFFJqadhJAPJ7VZsFl6', 1);
INSERT INTO PUBLIC.USER (ID, CREATED_AT, UPDATE_AT, BIRTHDAY, CPF, EMAIL, GENRE, IS_ACCOUNT_NON_EXPIRED, IS_ACCOUNT_NON_LOCKED, IS_CREDENTIALS_NON_EXPIRED, IS_ENABLE, NAME, PASSWORD, CITY_ID) VALUES (5, '2018-11-22', '2018-11-22', '2014-11-22', '11111111114', 'Emanuele@user.com', 'Feminino', true, true, true, true, 'Emanuele', '$2a$10$JhP9qQTxGksKP7L.pMxe8.wvlFKPIchPfFKCH2twcawqRNKhQ82Q6', 1);
INSERT INTO PUBLIC.USER (ID, CREATED_AT, UPDATE_AT, BIRTHDAY, CPF, EMAIL, GENRE, IS_ACCOUNT_NON_EXPIRED, IS_ACCOUNT_NON_LOCKED, IS_CREDENTIALS_NON_EXPIRED, IS_ENABLE, NAME, PASSWORD, CITY_ID) VALUES (6, '2018-11-22', '2018-11-22', '2013-11-22', '11111111115', 'Vera@admin.com', 'Feminino', true, true, true, true, 'Vera', '$2a$10$pi3s7T34ES9kQ0XcxUj6LOt2rPbvFgtgAU3cbM0L8atGdqoqtQg3e', 1);
INSERT INTO PUBLIC.USER (ID, CREATED_AT, UPDATE_AT, BIRTHDAY, CPF, EMAIL, GENRE, IS_ACCOUNT_NON_EXPIRED, IS_ACCOUNT_NON_LOCKED, IS_CREDENTIALS_NON_EXPIRED, IS_ENABLE, NAME, PASSWORD, CITY_ID) VALUES (7, '2018-11-22', '2018-11-22', '2012-11-22', '11111111116', 'Antonio@admin.com', 'Masculino', true, true, true, true, 'Antonio', '$2a$10$qWlcWjKe.iSyW.dpljYLXenxemt6WPFt1UZJ87PUDeCtVkEMEjveG', 1);
INSERT INTO PUBLIC.USER (ID, CREATED_AT, UPDATE_AT, BIRTHDAY, CPF, EMAIL, GENRE, IS_ACCOUNT_NON_EXPIRED, IS_ACCOUNT_NON_LOCKED, IS_CREDENTIALS_NON_EXPIRED, IS_ENABLE, NAME, PASSWORD, CITY_ID) VALUES (8, '2018-11-22', '2018-11-22', '2011-11-22', '11111111117', 'ELoiza@admin.com', 'Feminino', true, true, true, true, 'ELoiza', '$2a$10$RUIvERjq8LkHWefwQ0LKh.xgUfJY9vDwa8iEw7FVrmqNHsNxSUIzK', 1);
INSERT INTO PUBLIC.USER (ID, CREATED_AT, UPDATE_AT, BIRTHDAY, CPF, EMAIL, GENRE, IS_ACCOUNT_NON_EXPIRED, IS_ACCOUNT_NON_LOCKED, IS_CREDENTIALS_NON_EXPIRED, IS_ENABLE, NAME, PASSWORD, CITY_ID) VALUES (9, '2018-11-22', '2018-11-22', '2010-11-22', '11111111118', 'Andreia@admin.com', 'Feminino', true, true, true, true, 'ANdreia', '$2a$10$d/oAn5OxToc2qozZhtsy3esSVEkyIhpShp88/uZuGeK7MRNiE7qGi', 1);
INSERT INTO PUBLIC.USER (ID, CREATED_AT, UPDATE_AT, BIRTHDAY, CPF, EMAIL, GENRE, IS_ACCOUNT_NON_EXPIRED, IS_ACCOUNT_NON_LOCKED, IS_CREDENTIALS_NON_EXPIRED, IS_ENABLE, NAME, PASSWORD, CITY_ID) VALUES (10, '2018-11-22', '2018-11-22', '2009-11-22', '11111111119', 'Matheus@admin.com', 'Masculino', true, true, true, true, 'Matheus', '$2a$10$cIx7KOHG1wa6DM49eW5Ht.jEVEf91otjuRWOPxQ.09OvsGdGWFsqy', 1);

-- insert category data
INSERT INTO PUBLIC.CATEGORY (ID, NOME) VALUES (1, 'Iluminação');
INSERT INTO PUBLIC.CATEGORY (ID, NOME) VALUES (2, 'buraco');
INSERT INTO PUBLIC.CATEGORY (ID, NOME) VALUES (3, 'lixo');
INSERT INTO PUBLIC.CATEGORY (ID, NOME) VALUES (4, 'placa de sinalização');

-- insert address data
INSERT INTO PUBLIC.ADDRESS (ID, NUMBER, STREET, NEIGHBORHOOD_ID) VALUES (1, 7, 'Rua das Macieiras', 7);
INSERT INTO PUBLIC.ADDRESS (ID, NUMBER, STREET, NEIGHBORHOOD_ID) VALUES (2, 23, 'Rua Professor Becker', 23);
INSERT INTO PUBLIC.ADDRESS (ID, NUMBER, STREET, NEIGHBORHOOD_ID) VALUES (3, 10, 'Rua São Pedro', 10);
INSERT INTO PUBLIC.ADDRESS (ID, NUMBER, STREET, NEIGHBORHOOD_ID) VALUES (4, 24, 'Rua Leoni de Jesus A. da Mota', 24);
INSERT INTO PUBLIC.ADDRESS (ID, NUMBER, STREET, NEIGHBORHOOD_ID) VALUES (5, 8, 'Rua Emílio Zampier', 8);
INSERT INTO PUBLIC.ADDRESS (ID, NUMBER, STREET, NEIGHBORHOOD_ID) VALUES (6, 26, 'Rua Santarém', 26);
INSERT INTO PUBLIC.ADDRESS (ID, NUMBER, STREET, NEIGHBORHOOD_ID) VALUES (7, 17, 'Rua Presidente Getúlio Vargas', 17);
INSERT INTO PUBLIC.ADDRESS (ID, NUMBER, STREET, NEIGHBORHOOD_ID) VALUES (8, 24, 'Rua Cristiano Francisco Dal Posso', 24);
INSERT INTO PUBLIC.ADDRESS (ID, NUMBER, STREET, NEIGHBORHOOD_ID) VALUES (9, 16, 'Rua Aleixo Garcia', 16);
INSERT INTO PUBLIC.ADDRESS (ID, NUMBER, STREET, NEIGHBORHOOD_ID) VALUES (10, 19, 'Avenida das Dálias', 19);
INSERT INTO PUBLIC.ADDRESS (ID, NUMBER, STREET, NEIGHBORHOOD_ID) VALUES (11, 17, 'Rua Aymoré', 17);
INSERT INTO PUBLIC.ADDRESS (ID, NUMBER, STREET, NEIGHBORHOOD_ID) VALUES (12, 4, 'Rua Herondy Marcondes dos Santos', 4);
INSERT INTO PUBLIC.ADDRESS (ID, NUMBER, STREET, NEIGHBORHOOD_ID) VALUES (13, 18, 'Rua Emílio Zampier', 18);
INSERT INTO PUBLIC.ADDRESS (ID, NUMBER, STREET, NEIGHBORHOOD_ID) VALUES (14, 15, 'Rua Felisberto R. de Souza', 15);
INSERT INTO PUBLIC.ADDRESS (ID, NUMBER, STREET, NEIGHBORHOOD_ID) VALUES (15, 19, 'Rua Aymoré', 19);
INSERT INTO PUBLIC.ADDRESS (ID, NUMBER, STREET, NEIGHBORHOOD_ID) VALUES (16, 1, 'Rua Pedro Conrado Sobrinho', 1);
INSERT INTO PUBLIC.ADDRESS (ID, NUMBER, STREET, NEIGHBORHOOD_ID) VALUES (17, 19, 'Rua Portugal', 19);
INSERT INTO PUBLIC.ADDRESS (ID, NUMBER, STREET, NEIGHBORHOOD_ID) VALUES (18, 20, 'Rua João Keller', 20);
INSERT INTO PUBLIC.ADDRESS (ID, NUMBER, STREET, NEIGHBORHOOD_ID) VALUES (19, 23, 'Rua Ademar de Barros', 23);
INSERT INTO PUBLIC.ADDRESS (ID, NUMBER, STREET, NEIGHBORHOOD_ID) VALUES (20, 2, 'Rua Alcindo Chaves Ferreira', 2);
INSERT INTO PUBLIC.ADDRESS (ID, NUMBER, STREET, NEIGHBORHOOD_ID) VALUES (21, 30, 'Avenida Sebastião de Camargo Ribas', 30);
INSERT INTO PUBLIC.ADDRESS (ID, NUMBER, STREET, NEIGHBORHOOD_ID) VALUES (22, 10, 'Rua Pedro Alves', 10);
INSERT INTO PUBLIC.ADDRESS (ID, NUMBER, STREET, NEIGHBORHOOD_ID) VALUES (23, 27, 'Rua Porto Rico', 27);
INSERT INTO PUBLIC.ADDRESS (ID, NUMBER, STREET, NEIGHBORHOOD_ID) VALUES (24, 26, 'Rua dos Topógrafos', 26);
INSERT INTO PUBLIC.ADDRESS (ID, NUMBER, STREET, NEIGHBORHOOD_ID) VALUES (25, 14, 'Travessa Hildegard Burjan', 14);
INSERT INTO PUBLIC.ADDRESS (ID, NUMBER, STREET, NEIGHBORHOOD_ID) VALUES (26, 3, 'Rua Doutor Laranjeiras', 3);
INSERT INTO PUBLIC.ADDRESS (ID, NUMBER, STREET, NEIGHBORHOOD_ID) VALUES (27, 12, 'Rua dos Topógrafos', 12);
INSERT INTO PUBLIC.ADDRESS (ID, NUMBER, STREET, NEIGHBORHOOD_ID) VALUES (28, 15, 'Rua Doutor Miguel Bohomoletz', 15);
INSERT INTO PUBLIC.ADDRESS (ID, NUMBER, STREET, NEIGHBORHOOD_ID) VALUES (29, 19, 'Rua Vereador Frontino Lima', 19);
INSERT INTO PUBLIC.ADDRESS (ID, NUMBER, STREET, NEIGHBORHOOD_ID) VALUES (30, 2, 'Rua Helena', 2);
INSERT INTO PUBLIC.ADDRESS (ID, NUMBER, STREET, NEIGHBORHOOD_ID) VALUES (31, 4, 'Avenida das Dálias', 4);
INSERT INTO PUBLIC.ADDRESS (ID, NUMBER, STREET, NEIGHBORHOOD_ID) VALUES (32, 25, 'Rua Pereiras', 25);
INSERT INTO PUBLIC.ADDRESS (ID, NUMBER, STREET, NEIGHBORHOOD_ID) VALUES (33, 14, 'Rua Francisco Mendes', 14);
INSERT INTO PUBLIC.ADDRESS (ID, NUMBER, STREET, NEIGHBORHOOD_ID) VALUES (34, 18, 'Rua Paulo Leminski', 18);
INSERT INTO PUBLIC.ADDRESS (ID, NUMBER, STREET, NEIGHBORHOOD_ID) VALUES (35, 1, 'Rua Cônego Braga', 1);
INSERT INTO PUBLIC.ADDRESS (ID, NUMBER, STREET, NEIGHBORHOOD_ID) VALUES (36, 25, 'Rua Alberto de Oliveira', 25);
INSERT INTO PUBLIC.ADDRESS (ID, NUMBER, STREET, NEIGHBORHOOD_ID) VALUES (37, 17, 'Rua dos Ingazeiros', 17);
INSERT INTO PUBLIC.ADDRESS (ID, NUMBER, STREET, NEIGHBORHOOD_ID) VALUES (38, 18, 'Rua Marechal Cândido Rondon', 18);
INSERT INTO PUBLIC.ADDRESS (ID, NUMBER, STREET, NEIGHBORHOOD_ID) VALUES (39, 1, 'Rua Euripio Rauen', 1);
INSERT INTO PUBLIC.ADDRESS (ID, NUMBER, STREET, NEIGHBORHOOD_ID) VALUES (40, 27, 'Rua Machado de Assis', 27);
INSERT INTO PUBLIC.ADDRESS (ID, NUMBER, STREET, NEIGHBORHOOD_ID) VALUES (41, 6, 'Rua Hermes da Fonseca', 6);
INSERT INTO PUBLIC.ADDRESS (ID, NUMBER, STREET, NEIGHBORHOOD_ID) VALUES (42, 25, 'Rua dos Pedreiros', 25);
INSERT INTO PUBLIC.ADDRESS (ID, NUMBER, STREET, NEIGHBORHOOD_ID) VALUES (43, 26, 'Rua São Pedro', 26);
INSERT INTO PUBLIC.ADDRESS (ID, NUMBER, STREET, NEIGHBORHOOD_ID) VALUES (44, 10, 'Rua dos Agricultores', 10);
INSERT INTO PUBLIC.ADDRESS (ID, NUMBER, STREET, NEIGHBORHOOD_ID) VALUES (45, 18, 'Rua Zacarias de Goes', 18);
INSERT INTO PUBLIC.ADDRESS (ID, NUMBER, STREET, NEIGHBORHOOD_ID) VALUES (46, 26, 'Rua Danilo Ribas', 26);
INSERT INTO PUBLIC.ADDRESS (ID, NUMBER, STREET, NEIGHBORHOOD_ID) VALUES (47, 8, 'Rua Moscou', 8);
INSERT INTO PUBLIC.ADDRESS (ID, NUMBER, STREET, NEIGHBORHOOD_ID) VALUES (48, 22, 'Rua Rio de Janeiro', 22);
INSERT INTO PUBLIC.ADDRESS (ID, NUMBER, STREET, NEIGHBORHOOD_ID) VALUES (49, 30, 'Rua Governador Edmundo Pinto', 30);
INSERT INTO PUBLIC.ADDRESS (ID, NUMBER, STREET, NEIGHBORHOOD_ID) VALUES (50, 14, 'Rua Frei Tiago Luchese', 14);
INSERT INTO PUBLIC.ADDRESS (ID, NUMBER, STREET, NEIGHBORHOOD_ID) VALUES (51, 14, 'Rua Abgail Ribas Rocha', 14);
INSERT INTO PUBLIC.ADDRESS (ID, NUMBER, STREET, NEIGHBORHOOD_ID) VALUES (52, 30, 'Rua Neoclássica', 30);
INSERT INTO PUBLIC.ADDRESS (ID, NUMBER, STREET, NEIGHBORHOOD_ID) VALUES (53, 30, 'Rua Paiçandu', 30);
INSERT INTO PUBLIC.ADDRESS (ID, NUMBER, STREET, NEIGHBORHOOD_ID) VALUES (54, 5, 'Rua Pinheiro Machado', 5);
INSERT INTO PUBLIC.ADDRESS (ID, NUMBER, STREET, NEIGHBORHOOD_ID) VALUES (55, 23, 'Rua Francisco Moreira', 23);
INSERT INTO PUBLIC.ADDRESS (ID, NUMBER, STREET, NEIGHBORHOOD_ID) VALUES (56, 5, 'Travessa Elias Tratz', 5);
INSERT INTO PUBLIC.ADDRESS (ID, NUMBER, STREET, NEIGHBORHOOD_ID) VALUES (57, 29, 'Travessa dos Cisnes', 29);
INSERT INTO PUBLIC.ADDRESS (ID, NUMBER, STREET, NEIGHBORHOOD_ID) VALUES (58, 25, 'Rua Reus', 25);
INSERT INTO PUBLIC.ADDRESS (ID, NUMBER, STREET, NEIGHBORHOOD_ID) VALUES (59, 25, 'Rua Bento José da Silva', 25);
INSERT INTO PUBLIC.ADDRESS (ID, NUMBER, STREET, NEIGHBORHOOD_ID) VALUES (60, 20, 'Rua São Pedro', 20);
INSERT INTO PUBLIC.ADDRESS (ID, NUMBER, STREET, NEIGHBORHOOD_ID) VALUES (61, 14, 'Rua Governador Edmundo Pinto', 14);
INSERT INTO PUBLIC.ADDRESS (ID, NUMBER, STREET, NEIGHBORHOOD_ID) VALUES (62, 5, 'Rua Presidente Getúlio Vargas', 5);
INSERT INTO PUBLIC.ADDRESS (ID, NUMBER, STREET, NEIGHBORHOOD_ID) VALUES (63, 24, 'Rua Avestruz', 24);
INSERT INTO PUBLIC.ADDRESS (ID, NUMBER, STREET, NEIGHBORHOOD_ID) VALUES (64, 18, 'Rua Manoel de Macedo', 18);
INSERT INTO PUBLIC.ADDRESS (ID, NUMBER, STREET, NEIGHBORHOOD_ID) VALUES (65, 20, 'Rua Neoclássica', 20);
INSERT INTO PUBLIC.ADDRESS (ID, NUMBER, STREET, NEIGHBORHOOD_ID) VALUES (66, 18, 'Rua Pinheiro Machado', 18);
INSERT INTO PUBLIC.ADDRESS (ID, NUMBER, STREET, NEIGHBORHOOD_ID) VALUES (67, 20, 'Rua Pedro Conrado Sobrinho', 20);
INSERT INTO PUBLIC.ADDRESS (ID, NUMBER, STREET, NEIGHBORHOOD_ID) VALUES (68, 6, 'Rua Herondy Marcondes dos Santos', 6);
INSERT INTO PUBLIC.ADDRESS (ID, NUMBER, STREET, NEIGHBORHOOD_ID) VALUES (69, 22, 'Rua Marechal Floriano Peixoto', 22);
INSERT INTO PUBLIC.ADDRESS (ID, NUMBER, STREET, NEIGHBORHOOD_ID) VALUES (70, 7, 'Rua Arapongas', 7);
INSERT INTO PUBLIC.ADDRESS (ID, NUMBER, STREET, NEIGHBORHOOD_ID) VALUES (71, 3, 'Rua Neoclássica', 3);
INSERT INTO PUBLIC.ADDRESS (ID, NUMBER, STREET, NEIGHBORHOOD_ID) VALUES (72, 12, 'Rua Juvenal de Souza', 12);
INSERT INTO PUBLIC.ADDRESS (ID, NUMBER, STREET, NEIGHBORHOOD_ID) VALUES (73, 5, 'Rua Presidente Getúlio Vargas', 5);
INSERT INTO PUBLIC.ADDRESS (ID, NUMBER, STREET, NEIGHBORHOOD_ID) VALUES (74, 10, 'Rua Francisco Demario', 10);
INSERT INTO PUBLIC.ADDRESS (ID, NUMBER, STREET, NEIGHBORHOOD_ID) VALUES (75, 29, 'Rua Triunfo', 29);
INSERT INTO PUBLIC.ADDRESS (ID, NUMBER, STREET, NEIGHBORHOOD_ID) VALUES (76, 20, 'Rua Professores', 20);
INSERT INTO PUBLIC.ADDRESS (ID, NUMBER, STREET, NEIGHBORHOOD_ID) VALUES (77, 22, 'Rua Coronel Lustosa', 22);
INSERT INTO PUBLIC.ADDRESS (ID, NUMBER, STREET, NEIGHBORHOOD_ID) VALUES (78, 28, 'Rua Expedicionário Argemiro Siqueira', 28);
INSERT INTO PUBLIC.ADDRESS (ID, NUMBER, STREET, NEIGHBORHOOD_ID) VALUES (79, 20, 'Rua Paiçandu', 20);
INSERT INTO PUBLIC.ADDRESS (ID, NUMBER, STREET, NEIGHBORHOOD_ID) VALUES (80, 15, 'Rua Prefeito Antônio Lustosa de Ol', 15);
INSERT INTO PUBLIC.ADDRESS (ID, NUMBER, STREET, NEIGHBORHOOD_ID) VALUES (81, 8, 'Rua Padre Reus', 8);
INSERT INTO PUBLIC.ADDRESS (ID, NUMBER, STREET, NEIGHBORHOOD_ID) VALUES (82, 1, 'Rua Leoni de Jesus A. da Mota', 1);
INSERT INTO PUBLIC.ADDRESS (ID, NUMBER, STREET, NEIGHBORHOOD_ID) VALUES (83, 2, 'Rua Abé', 2);
INSERT INTO PUBLIC.ADDRESS (ID, NUMBER, STREET, NEIGHBORHOOD_ID) VALUES (84, 30, 'Rua Marechal Cândido Rondon', 30);
INSERT INTO PUBLIC.ADDRESS (ID, NUMBER, STREET, NEIGHBORHOOD_ID) VALUES (85, 1, 'Rua Francisco de Paula', 1);
INSERT INTO PUBLIC.ADDRESS (ID, NUMBER, STREET, NEIGHBORHOOD_ID) VALUES (86, 14, 'Rua Wesceslau Braz', 14);
INSERT INTO PUBLIC.ADDRESS (ID, NUMBER, STREET, NEIGHBORHOOD_ID) VALUES (87, 23, 'Rua Expedicionário Argemiro Siqueira', 23);
INSERT INTO PUBLIC.ADDRESS (ID, NUMBER, STREET, NEIGHBORHOOD_ID) VALUES (88, 11, 'Rua Marechal Cândido Rondon', 11);
INSERT INTO PUBLIC.ADDRESS (ID, NUMBER, STREET, NEIGHBORHOOD_ID) VALUES (89, 16, 'Rua Paiçandu', 16);
INSERT INTO PUBLIC.ADDRESS (ID, NUMBER, STREET, NEIGHBORHOOD_ID) VALUES (90, 13, 'Rua Santa Mariana', 13);
INSERT INTO PUBLIC.ADDRESS (ID, NUMBER, STREET, NEIGHBORHOOD_ID) VALUES (91, 16, 'Rua Reus', 16);
INSERT INTO PUBLIC.ADDRESS (ID, NUMBER, STREET, NEIGHBORHOOD_ID) VALUES (92, 16, 'Rua Saldanha Marinho', 16);
INSERT INTO PUBLIC.ADDRESS (ID, NUMBER, STREET, NEIGHBORHOOD_ID) VALUES (93, 8, 'Rua Marechal Cândido Rondon', 8);
INSERT INTO PUBLIC.ADDRESS (ID, NUMBER, STREET, NEIGHBORHOOD_ID) VALUES (94, 21, 'Rua Euclides da Cunha', 21);
INSERT INTO PUBLIC.ADDRESS (ID, NUMBER, STREET, NEIGHBORHOOD_ID) VALUES (95, 27, 'Rua Abé', 27);
INSERT INTO PUBLIC.ADDRESS (ID, NUMBER, STREET, NEIGHBORHOOD_ID) VALUES (96, 19, 'Rua Vereador Frontino Lima', 19);
INSERT INTO PUBLIC.ADDRESS (ID, NUMBER, STREET, NEIGHBORHOOD_ID) VALUES (97, 6, 'Rua Saldanha', 6);
INSERT INTO PUBLIC.ADDRESS (ID, NUMBER, STREET, NEIGHBORHOOD_ID) VALUES (98, 2, 'Rua Pedro Siqueira', 2);
INSERT INTO PUBLIC.ADDRESS (ID, NUMBER, STREET, NEIGHBORHOOD_ID) VALUES (99, 16, 'Rua Rio de Janeiro', 16);
INSERT INTO PUBLIC.ADDRESS (ID, NUMBER, STREET, NEIGHBORHOOD_ID) VALUES (100, 24, 'Rua Wilson Luiz Silvério Martins', 24);

--insert problems data
INSERT INTO PUBLIC.PROBLEM (ID, DATE_CREATED, DESCRIPTION, NAME, CATEGORY_ID) VALUES (1, '2018-07-08', 'descrição do problema 0esta descrição e muito importante, pois a importancia da importancia e muito importante... sendo que a importancia da importancia deve ser importante pois a importancia e muito importante', 'Um problema de numero: 0', 4);
INSERT INTO PUBLIC.PROBLEM (ID, DATE_CREATED, DESCRIPTION, NAME, CATEGORY_ID) VALUES (2, '2018-08-02', 'descrição do problema 1esta descrição e muito importante, pois a importancia da importancia e muito importante... sendo que a importancia da importancia deve ser importante pois a importancia e muito importante', 'Um problema de numero: 1', 4);
INSERT INTO PUBLIC.PROBLEM (ID, DATE_CREATED, DESCRIPTION, NAME, CATEGORY_ID) VALUES (3, '2018-01-04', 'descrição do problema 2esta descrição e muito importante, pois a importancia da importancia e muito importante... sendo que a importancia da importancia deve ser importante pois a importancia e muito importante', 'Um problema de numero: 2', 2);
INSERT INTO PUBLIC.PROBLEM (ID, DATE_CREATED, DESCRIPTION, NAME, CATEGORY_ID) VALUES (4, '2018-03-15', 'descrição do problema 3esta descrição e muito importante, pois a importancia da importancia e muito importante... sendo que a importancia da importancia deve ser importante pois a importancia e muito importante', 'Um problema de numero: 3', 2);
INSERT INTO PUBLIC.PROBLEM (ID, DATE_CREATED, DESCRIPTION, NAME, CATEGORY_ID) VALUES (5, '2015-08-06', 'descrição do problema 4esta descrição e muito importante, pois a importancia da importancia e muito importante... sendo que a importancia da importancia deve ser importante pois a importancia e muito importante', 'Um problema de numero: 4', 3);
INSERT INTO PUBLIC.PROBLEM (ID, DATE_CREATED, DESCRIPTION, NAME, CATEGORY_ID) VALUES (6, '2018-09-30', 'descrição do problema 5esta descrição e muito importante, pois a importancia da importancia e muito importante... sendo que a importancia da importancia deve ser importante pois a importancia e muito importante', 'Um problema de numero: 5', 3);
INSERT INTO PUBLIC.PROBLEM (ID, DATE_CREATED, DESCRIPTION, NAME, CATEGORY_ID) VALUES (7, '2018-11-22', 'descrição do problema 6esta descrição e muito importante, pois a importancia da importancia e muito importante... sendo que a importancia da importancia deve ser importante pois a importancia e muito importante', 'Um problema de numero: 6', 2);
INSERT INTO PUBLIC.PROBLEM (ID, DATE_CREATED, DESCRIPTION, NAME, CATEGORY_ID) VALUES (8, '2018-09-20', 'descrição do problema 7esta descrição e muito importante, pois a importancia da importancia e muito importante... sendo que a importancia da importancia deve ser importante pois a importancia e muito importante', 'Um problema de numero: 7', 2);
INSERT INTO PUBLIC.PROBLEM (ID, DATE_CREATED, DESCRIPTION, NAME, CATEGORY_ID) VALUES (9, '2016-03-03', 'descrição do problema 8esta descrição e muito importante, pois a importancia da importancia e muito importante... sendo que a importancia da importancia deve ser importante pois a importancia e muito importante', 'Um problema de numero: 8', 4);
INSERT INTO PUBLIC.PROBLEM (ID, DATE_CREATED, DESCRIPTION, NAME, CATEGORY_ID) VALUES (10, '2017-06-22', 'descrição do problema 9esta descrição e muito importante, pois a importancia da importancia e muito importante... sendo que a importancia da importancia deve ser importante pois a importancia e muito importante', 'Um problema de numero: 9', 3);
INSERT INTO PUBLIC.PROBLEM (ID, DATE_CREATED, DESCRIPTION, NAME, CATEGORY_ID) VALUES (11, '2017-09-14', 'descrição do problema 10esta descrição e muito importante, pois a importancia da importancia e muito importante... sendo que a importancia da importancia deve ser importante pois a importancia e muito importante', 'Um problema de numero: 10', 1);
INSERT INTO PUBLIC.PROBLEM (ID, DATE_CREATED, DESCRIPTION, NAME, CATEGORY_ID) VALUES (12, '2016-10-13', 'descrição do problema 11esta descrição e muito importante, pois a importancia da importancia e muito importante... sendo que a importancia da importancia deve ser importante pois a importancia e muito importante', 'Um problema de numero: 11', 3);
INSERT INTO PUBLIC.PROBLEM (ID, DATE_CREATED, DESCRIPTION, NAME, CATEGORY_ID) VALUES (13, '2015-08-06', 'descrição do problema 12esta descrição e muito importante, pois a importancia da importancia e muito importante... sendo que a importancia da importancia deve ser importante pois a importancia e muito importante', 'Um problema de numero: 12', 3);
INSERT INTO PUBLIC.PROBLEM (ID, DATE_CREATED, DESCRIPTION, NAME, CATEGORY_ID) VALUES (14, '2016-07-07', 'descrição do problema 13esta descrição e muito importante, pois a importancia da importancia e muito importante... sendo que a importancia da importancia deve ser importante pois a importancia e muito importante', 'Um problema de numero: 13', 1);
INSERT INTO PUBLIC.PROBLEM (ID, DATE_CREATED, DESCRIPTION, NAME, CATEGORY_ID) VALUES (15, '2017-09-14', 'descrição do problema 14esta descrição e muito importante, pois a importancia da importancia e muito importante... sendo que a importancia da importancia deve ser importante pois a importancia e muito importante', 'Um problema de numero: 14', 4);
INSERT INTO PUBLIC.PROBLEM (ID, DATE_CREATED, DESCRIPTION, NAME, CATEGORY_ID) VALUES (16, '2017-10-26', 'descrição do problema 15esta descrição e muito importante, pois a importancia da importancia e muito importante... sendo que a importancia da importancia deve ser importante pois a importancia e muito importante', 'Um problema de numero: 15', 3);
INSERT INTO PUBLIC.PROBLEM (ID, DATE_CREATED, DESCRIPTION, NAME, CATEGORY_ID) VALUES (17, '2017-08-31', 'descrição do problema 16esta descrição e muito importante, pois a importancia da importancia e muito importante... sendo que a importancia da importancia deve ser importante pois a importancia e muito importante', 'Um problema de numero: 16', 2);
INSERT INTO PUBLIC.PROBLEM (ID, DATE_CREATED, DESCRIPTION, NAME, CATEGORY_ID) VALUES (18, '2017-10-12', 'descrição do problema 17esta descrição e muito importante, pois a importancia da importancia e muito importante... sendo que a importancia da importancia deve ser importante pois a importancia e muito importante', 'Um problema de numero: 17', 4);
INSERT INTO PUBLIC.PROBLEM (ID, DATE_CREATED, DESCRIPTION, NAME, CATEGORY_ID) VALUES (19, '2016-04-28', 'descrição do problema 18esta descrição e muito importante, pois a importancia da importancia e muito importante... sendo que a importancia da importancia deve ser importante pois a importancia e muito importante', 'Um problema de numero: 18', 3);
INSERT INTO PUBLIC.PROBLEM (ID, DATE_CREATED, DESCRIPTION, NAME, CATEGORY_ID) VALUES (20, '2017-03-02', 'descrição do problema 19esta descrição e muito importante, pois a importancia da importancia e muito importante... sendo que a importancia da importancia deve ser importante pois a importancia e muito importante', 'Um problema de numero: 19', 3);
INSERT INTO PUBLIC.PROBLEM (ID, DATE_CREATED, DESCRIPTION, NAME, CATEGORY_ID) VALUES (21, '2018-11-22', 'descrição do problema 20esta descrição e muito importante, pois a importancia da importancia e muito importante... sendo que a importancia da importancia deve ser importante pois a importancia e muito importante', 'Um problema de numero: 20', 2);
INSERT INTO PUBLIC.PROBLEM (ID, DATE_CREATED, DESCRIPTION, NAME, CATEGORY_ID) VALUES (22, '2018-09-22', 'descrição do problema 21esta descrição e muito importante, pois a importancia da importancia e muito importante... sendo que a importancia da importancia deve ser importante pois a importancia e muito importante', 'Um problema de numero: 21', 3);
INSERT INTO PUBLIC.PROBLEM (ID, DATE_CREATED, DESCRIPTION, NAME, CATEGORY_ID) VALUES (23, '2018-10-02', 'descrição do problema 22esta descrição e muito importante, pois a importancia da importancia e muito importante... sendo que a importancia da importancia deve ser importante pois a importancia e muito importante', 'Um problema de numero: 22', 4);
INSERT INTO PUBLIC.PROBLEM (ID, DATE_CREATED, DESCRIPTION, NAME, CATEGORY_ID) VALUES (24, '2018-10-22', 'descrição do problema 23esta descrição e muito importante, pois a importancia da importancia e muito importante... sendo que a importancia da importancia deve ser importante pois a importancia e muito importante', 'Um problema de numero: 23', 4);
INSERT INTO PUBLIC.PROBLEM (ID, DATE_CREATED, DESCRIPTION, NAME, CATEGORY_ID) VALUES (25, '2018-08-01', 'descrição do problema 24esta descrição e muito importante, pois a importancia da importancia e muito importante... sendo que a importancia da importancia deve ser importante pois a importancia e muito importante', 'Um problema de numero: 24', 4);
INSERT INTO PUBLIC.PROBLEM (ID, DATE_CREATED, DESCRIPTION, NAME, CATEGORY_ID) VALUES (26, '2018-10-22', 'descrição do problema 25esta descrição e muito importante, pois a importancia da importancia e muito importante... sendo que a importancia da importancia deve ser importante pois a importancia e muito importante', 'Um problema de numero: 25', 2);
INSERT INTO PUBLIC.PROBLEM (ID, DATE_CREATED, DESCRIPTION, NAME, CATEGORY_ID) VALUES (27, '2018-10-22', 'descrição do problema 26esta descrição e muito importante, pois a importancia da importancia e muito importante... sendo que a importancia da importancia deve ser importante pois a importancia e muito importante', 'Um problema de numero: 26', 1);
INSERT INTO PUBLIC.PROBLEM (ID, DATE_CREATED, DESCRIPTION, NAME, CATEGORY_ID) VALUES (28, '2017-01-19', 'descrição do problema 27esta descrição e muito importante, pois a importancia da importancia e muito importante... sendo que a importancia da importancia deve ser importante pois a importancia e muito importante', 'Um problema de numero: 27', 4);
INSERT INTO PUBLIC.PROBLEM (ID, DATE_CREATED, DESCRIPTION, NAME, CATEGORY_ID) VALUES (29, '2018-04-26', 'descrição do problema 28esta descrição e muito importante, pois a importancia da importancia e muito importante... sendo que a importancia da importancia deve ser importante pois a importancia e muito importante', 'Um problema de numero: 28', 4);
INSERT INTO PUBLIC.PROBLEM (ID, DATE_CREATED, DESCRIPTION, NAME, CATEGORY_ID) VALUES (30, '2018-05-10', 'descrição do problema 29esta descrição e muito importante, pois a importancia da importancia e muito importante... sendo que a importancia da importancia deve ser importante pois a importancia e muito importante', 'Um problema de numero: 29', 2);
INSERT INTO PUBLIC.PROBLEM (ID, DATE_CREATED, DESCRIPTION, NAME, CATEGORY_ID) VALUES (31, '2017-06-22', 'descrição do problema 30esta descrição e muito importante, pois a importancia da importancia e muito importante... sendo que a importancia da importancia deve ser importante pois a importancia e muito importante', 'Um problema de numero: 30', 4);
INSERT INTO PUBLIC.PROBLEM (ID, DATE_CREATED, DESCRIPTION, NAME, CATEGORY_ID) VALUES (32, '2018-10-08', 'descrição do problema 31esta descrição e muito importante, pois a importancia da importancia e muito importante... sendo que a importancia da importancia deve ser importante pois a importancia e muito importante', 'Um problema de numero: 31', 4);
INSERT INTO PUBLIC.PROBLEM (ID, DATE_CREATED, DESCRIPTION, NAME, CATEGORY_ID) VALUES (33, '2018-06-24', 'descrição do problema 32esta descrição e muito importante, pois a importancia da importancia e muito importante... sendo que a importancia da importancia deve ser importante pois a importancia e muito importante', 'Um problema de numero: 32', 3);
INSERT INTO PUBLIC.PROBLEM (ID, DATE_CREATED, DESCRIPTION, NAME, CATEGORY_ID) VALUES (34, '2018-07-28', 'descrição do problema 33esta descrição e muito importante, pois a importancia da importancia e muito importante... sendo que a importancia da importancia deve ser importante pois a importancia e muito importante', 'Um problema de numero: 33', 3);
INSERT INTO PUBLIC.PROBLEM (ID, DATE_CREATED, DESCRIPTION, NAME, CATEGORY_ID) VALUES (35, '2018-09-27', 'descrição do problema 34esta descrição e muito importante, pois a importancia da importancia e muito importante... sendo que a importancia da importancia deve ser importante pois a importancia e muito importante', 'Um problema de numero: 34', 1);
INSERT INTO PUBLIC.PROBLEM (ID, DATE_CREATED, DESCRIPTION, NAME, CATEGORY_ID) VALUES (36, '2018-05-29', 'descrição do problema 35esta descrição e muito importante, pois a importancia da importancia e muito importante... sendo que a importancia da importancia deve ser importante pois a importancia e muito importante', 'Um problema de numero: 35', 4);
INSERT INTO PUBLIC.PROBLEM (ID, DATE_CREATED, DESCRIPTION, NAME, CATEGORY_ID) VALUES (37, '2016-08-04', 'descrição do problema 36esta descrição e muito importante, pois a importancia da importancia e muito importante... sendo que a importancia da importancia deve ser importante pois a importancia e muito importante', 'Um problema de numero: 36', 1);
INSERT INTO PUBLIC.PROBLEM (ID, DATE_CREATED, DESCRIPTION, NAME, CATEGORY_ID) VALUES (38, '2017-04-13', 'descrição do problema 37esta descrição e muito importante, pois a importancia da importancia e muito importante... sendo que a importancia da importancia deve ser importante pois a importancia e muito importante', 'Um problema de numero: 37', 3);
INSERT INTO PUBLIC.PROBLEM (ID, DATE_CREATED, DESCRIPTION, NAME, CATEGORY_ID) VALUES (39, '2018-06-18', 'descrição do problema 38esta descrição e muito importante, pois a importancia da importancia e muito importante... sendo que a importancia da importancia deve ser importante pois a importancia e muito importante', 'Um problema de numero: 38', 4);
INSERT INTO PUBLIC.PROBLEM (ID, DATE_CREATED, DESCRIPTION, NAME, CATEGORY_ID) VALUES (40, '2018-09-14', 'descrição do problema 39esta descrição e muito importante, pois a importancia da importancia e muito importante... sendo que a importancia da importancia deve ser importante pois a importancia e muito importante', 'Um problema de numero: 39', 3);
INSERT INTO PUBLIC.PROBLEM (ID, DATE_CREATED, DESCRIPTION, NAME, CATEGORY_ID) VALUES (41, '2018-07-14', 'descrição do problema 40esta descrição e muito importante, pois a importancia da importancia e muito importante... sendo que a importancia da importancia deve ser importante pois a importancia e muito importante', 'Um problema de numero: 40', 1);
INSERT INTO PUBLIC.PROBLEM (ID, DATE_CREATED, DESCRIPTION, NAME, CATEGORY_ID) VALUES (42, '2018-06-14', 'descrição do problema 41esta descrição e muito importante, pois a importancia da importancia e muito importante... sendo que a importancia da importancia deve ser importante pois a importancia e muito importante', 'Um problema de numero: 41', 1);
INSERT INTO PUBLIC.PROBLEM (ID, DATE_CREATED, DESCRIPTION, NAME, CATEGORY_ID) VALUES (43, '2018-01-04', 'descrição do problema 42esta descrição e muito importante, pois a importancia da importancia e muito importante... sendo que a importancia da importancia deve ser importante pois a importancia e muito importante', 'Um problema de numero: 42', 2);
INSERT INTO PUBLIC.PROBLEM (ID, DATE_CREATED, DESCRIPTION, NAME, CATEGORY_ID) VALUES (44, '2016-11-10', 'descrição do problema 43esta descrição e muito importante, pois a importancia da importancia e muito importante... sendo que a importancia da importancia deve ser importante pois a importancia e muito importante', 'Um problema de numero: 43', 2);
INSERT INTO PUBLIC.PROBLEM (ID, DATE_CREATED, DESCRIPTION, NAME, CATEGORY_ID) VALUES (45, '2018-08-27', 'descrição do problema 44esta descrição e muito importante, pois a importancia da importancia e muito importante... sendo que a importancia da importancia deve ser importante pois a importancia e muito importante', 'Um problema de numero: 44', 1);
INSERT INTO PUBLIC.PROBLEM (ID, DATE_CREATED, DESCRIPTION, NAME, CATEGORY_ID) VALUES (46, '2018-03-29', 'descrição do problema 45esta descrição e muito importante, pois a importancia da importancia e muito importante... sendo que a importancia da importancia deve ser importante pois a importancia e muito importante', 'Um problema de numero: 45', 4);
INSERT INTO PUBLIC.PROBLEM (ID, DATE_CREATED, DESCRIPTION, NAME, CATEGORY_ID) VALUES (47, '2018-06-28', 'descrição do problema 46esta descrição e muito importante, pois a importancia da importancia e muito importante... sendo que a importancia da importancia deve ser importante pois a importancia e muito importante', 'Um problema de numero: 46', 4);
INSERT INTO PUBLIC.PROBLEM (ID, DATE_CREATED, DESCRIPTION, NAME, CATEGORY_ID) VALUES (48, '2018-10-18', 'descrição do problema 47esta descrição e muito importante, pois a importancia da importancia e muito importante... sendo que a importancia da importancia deve ser importante pois a importancia e muito importante', 'Um problema de numero: 47', 2);
INSERT INTO PUBLIC.PROBLEM (ID, DATE_CREATED, DESCRIPTION, NAME, CATEGORY_ID) VALUES (49, '2018-07-10', 'descrição do problema 48esta descrição e muito importante, pois a importancia da importancia e muito importante... sendo que a importancia da importancia deve ser importante pois a importancia e muito importante', 'Um problema de numero: 48', 1);
INSERT INTO PUBLIC.PROBLEM (ID, DATE_CREATED, DESCRIPTION, NAME, CATEGORY_ID) VALUES (50, '2018-03-01', 'descrição do problema 49esta descrição e muito importante, pois a importancia da importancia e muito importante... sendo que a importancia da importancia deve ser importante pois a importancia e muito importante', 'Um problema de numero: 49', 2);
INSERT INTO PUBLIC.PROBLEM (ID, DATE_CREATED, DESCRIPTION, NAME, CATEGORY_ID) VALUES (51, '2016-02-04', 'descrição do problema 50esta descrição e muito importante, pois a importancia da importancia e muito importante... sendo que a importancia da importancia deve ser importante pois a importancia e muito importante', 'Um problema de numero: 50', 3);
INSERT INTO PUBLIC.PROBLEM (ID, DATE_CREATED, DESCRIPTION, NAME, CATEGORY_ID) VALUES (52, '2018-05-27', 'descrição do problema 51esta descrição e muito importante, pois a importancia da importancia e muito importante... sendo que a importancia da importancia deve ser importante pois a importancia e muito importante', 'Um problema de numero: 51', 4);
INSERT INTO PUBLIC.PROBLEM (ID, DATE_CREATED, DESCRIPTION, NAME, CATEGORY_ID) VALUES (53, '2017-05-25', 'descrição do problema 52esta descrição e muito importante, pois a importancia da importancia e muito importante... sendo que a importancia da importancia deve ser importante pois a importancia e muito importante', 'Um problema de numero: 52', 2);
INSERT INTO PUBLIC.PROBLEM (ID, DATE_CREATED, DESCRIPTION, NAME, CATEGORY_ID) VALUES (54, '2018-04-12', 'descrição do problema 53esta descrição e muito importante, pois a importancia da importancia e muito importante... sendo que a importancia da importancia deve ser importante pois a importancia e muito importante', 'Um problema de numero: 53', 3);
INSERT INTO PUBLIC.PROBLEM (ID, DATE_CREATED, DESCRIPTION, NAME, CATEGORY_ID) VALUES (55, '2017-08-03', 'descrição do problema 54esta descrição e muito importante, pois a importancia da importancia e muito importante... sendo que a importancia da importancia deve ser importante pois a importancia e muito importante', 'Um problema de numero: 54', 3);
INSERT INTO PUBLIC.PROBLEM (ID, DATE_CREATED, DESCRIPTION, NAME, CATEGORY_ID) VALUES (56, '2016-05-26', 'descrição do problema 55esta descrição e muito importante, pois a importancia da importancia e muito importante... sendo que a importancia da importancia deve ser importante pois a importancia e muito importante', 'Um problema de numero: 55', 1);
INSERT INTO PUBLIC.PROBLEM (ID, DATE_CREATED, DESCRIPTION, NAME, CATEGORY_ID) VALUES (57, '2018-07-20', 'descrição do problema 56esta descrição e muito importante, pois a importancia da importancia e muito importante... sendo que a importancia da importancia deve ser importante pois a importancia e muito importante', 'Um problema de numero: 56', 3);
INSERT INTO PUBLIC.PROBLEM (ID, DATE_CREATED, DESCRIPTION, NAME, CATEGORY_ID) VALUES (58, '2018-09-04', 'descrição do problema 57esta descrição e muito importante, pois a importancia da importancia e muito importante... sendo que a importancia da importancia deve ser importante pois a importancia e muito importante', 'Um problema de numero: 57', 4);
INSERT INTO PUBLIC.PROBLEM (ID, DATE_CREATED, DESCRIPTION, NAME, CATEGORY_ID) VALUES (59, '2018-06-12', 'descrição do problema 58esta descrição e muito importante, pois a importancia da importancia e muito importante... sendo que a importancia da importancia deve ser importante pois a importancia e muito importante', 'Um problema de numero: 58', 1);
INSERT INTO PUBLIC.PROBLEM (ID, DATE_CREATED, DESCRIPTION, NAME, CATEGORY_ID) VALUES (60, '2018-01-04', 'descrição do problema 59esta descrição e muito importante, pois a importancia da importancia e muito importante... sendo que a importancia da importancia deve ser importante pois a importancia e muito importante', 'Um problema de numero: 59', 4);
INSERT INTO PUBLIC.PROBLEM (ID, DATE_CREATED, DESCRIPTION, NAME, CATEGORY_ID) VALUES (61, '2018-07-10', 'descrição do problema 60esta descrição e muito importante, pois a importancia da importancia e muito importante... sendo que a importancia da importancia deve ser importante pois a importancia e muito importante', 'Um problema de numero: 60', 4);
INSERT INTO PUBLIC.PROBLEM (ID, DATE_CREATED, DESCRIPTION, NAME, CATEGORY_ID) VALUES (62, '2018-11-22', 'descrição do problema 61esta descrição e muito importante, pois a importancia da importancia e muito importante... sendo que a importancia da importancia deve ser importante pois a importancia e muito importante', 'Um problema de numero: 61', 4);
INSERT INTO PUBLIC.PROBLEM (ID, DATE_CREATED, DESCRIPTION, NAME, CATEGORY_ID) VALUES (63, '2016-04-14', 'descrição do problema 62esta descrição e muito importante, pois a importancia da importancia e muito importante... sendo que a importancia da importancia deve ser importante pois a importancia e muito importante', 'Um problema de numero: 62', 2);
INSERT INTO PUBLIC.PROBLEM (ID, DATE_CREATED, DESCRIPTION, NAME, CATEGORY_ID) VALUES (64, '2018-09-06', 'descrição do problema 63esta descrição e muito importante, pois a importancia da importancia e muito importante... sendo que a importancia da importancia deve ser importante pois a importancia e muito importante', 'Um problema de numero: 63', 4);
INSERT INTO PUBLIC.PROBLEM (ID, DATE_CREATED, DESCRIPTION, NAME, CATEGORY_ID) VALUES (65, '2018-05-27', 'descrição do problema 64esta descrição e muito importante, pois a importancia da importancia e muito importante... sendo que a importancia da importancia deve ser importante pois a importancia e muito importante', 'Um problema de numero: 64', 4);
INSERT INTO PUBLIC.PROBLEM (ID, DATE_CREATED, DESCRIPTION, NAME, CATEGORY_ID) VALUES (66, '2018-04-12', 'descrição do problema 65esta descrição e muito importante, pois a importancia da importancia e muito importante... sendo que a importancia da importancia deve ser importante pois a importancia e muito importante', 'Um problema de numero: 65', 3);
INSERT INTO PUBLIC.PROBLEM (ID, DATE_CREATED, DESCRIPTION, NAME, CATEGORY_ID) VALUES (67, '2017-10-26', 'descrição do problema 66esta descrição e muito importante, pois a importancia da importancia e muito importante... sendo que a importancia da importancia deve ser importante pois a importancia e muito importante', 'Um problema de numero: 66', 3);
INSERT INTO PUBLIC.PROBLEM (ID, DATE_CREATED, DESCRIPTION, NAME, CATEGORY_ID) VALUES (68, '2016-10-13', 'descrição do problema 67esta descrição e muito importante, pois a importancia da importancia e muito importante... sendo que a importancia da importancia deve ser importante pois a importancia e muito importante', 'Um problema de numero: 67', 4);
INSERT INTO PUBLIC.PROBLEM (ID, DATE_CREATED, DESCRIPTION, NAME, CATEGORY_ID) VALUES (69, '2018-09-22', 'descrição do problema 68esta descrição e muito importante, pois a importancia da importancia e muito importante... sendo que a importancia da importancia deve ser importante pois a importancia e muito importante', 'Um problema de numero: 68', 3);
INSERT INTO PUBLIC.PROBLEM (ID, DATE_CREATED, DESCRIPTION, NAME, CATEGORY_ID) VALUES (70, '2017-08-17', 'descrição do problema 69esta descrição e muito importante, pois a importancia da importancia e muito importante... sendo que a importancia da importancia deve ser importante pois a importancia e muito importante', 'Um problema de numero: 69', 2);
INSERT INTO PUBLIC.PROBLEM (ID, DATE_CREATED, DESCRIPTION, NAME, CATEGORY_ID) VALUES (71, '2018-05-27', 'descrição do problema 70esta descrição e muito importante, pois a importancia da importancia e muito importante... sendo que a importancia da importancia deve ser importante pois a importancia e muito importante', 'Um problema de numero: 70', 4);
INSERT INTO PUBLIC.PROBLEM (ID, DATE_CREATED, DESCRIPTION, NAME, CATEGORY_ID) VALUES (72, '2018-10-12', 'descrição do problema 71esta descrição e muito importante, pois a importancia da importancia e muito importante... sendo que a importancia da importancia deve ser importante pois a importancia e muito importante', 'Um problema de numero: 71', 4);
INSERT INTO PUBLIC.PROBLEM (ID, DATE_CREATED, DESCRIPTION, NAME, CATEGORY_ID) VALUES (73, '2018-11-22', 'descrição do problema 72esta descrição e muito importante, pois a importancia da importancia e muito importante... sendo que a importancia da importancia deve ser importante pois a importancia e muito importante', 'Um problema de numero: 72', 2);
INSERT INTO PUBLIC.PROBLEM (ID, DATE_CREATED, DESCRIPTION, NAME, CATEGORY_ID) VALUES (74, '2018-08-15', 'descrição do problema 73esta descrição e muito importante, pois a importancia da importancia e muito importante... sendo que a importancia da importancia deve ser importante pois a importancia e muito importante', 'Um problema de numero: 73', 4);
INSERT INTO PUBLIC.PROBLEM (ID, DATE_CREATED, DESCRIPTION, NAME, CATEGORY_ID) VALUES (75, '2018-08-21', 'descrição do problema 74esta descrição e muito importante, pois a importancia da importancia e muito importante... sendo que a importancia da importancia deve ser importante pois a importancia e muito importante', 'Um problema de numero: 74', 1);
INSERT INTO PUBLIC.PROBLEM (ID, DATE_CREATED, DESCRIPTION, NAME, CATEGORY_ID) VALUES (76, '2017-02-02', 'descrição do problema 75esta descrição e muito importante, pois a importancia da importancia e muito importante... sendo que a importancia da importancia deve ser importante pois a importancia e muito importante', 'Um problema de numero: 75', 3);
INSERT INTO PUBLIC.PROBLEM (ID, DATE_CREATED, DESCRIPTION, NAME, CATEGORY_ID) VALUES (77, '2018-01-18', 'descrição do problema 76esta descrição e muito importante, pois a importancia da importancia e muito importante... sendo que a importancia da importancia deve ser importante pois a importancia e muito importante', 'Um problema de numero: 76', 2);
INSERT INTO PUBLIC.PROBLEM (ID, DATE_CREATED, DESCRIPTION, NAME, CATEGORY_ID) VALUES (78, '2016-12-08', 'descrição do problema 77esta descrição e muito importante, pois a importancia da importancia e muito importante... sendo que a importancia da importancia deve ser importante pois a importancia e muito importante', 'Um problema de numero: 77', 3);
INSERT INTO PUBLIC.PROBLEM (ID, DATE_CREATED, DESCRIPTION, NAME, CATEGORY_ID) VALUES (79, '2017-05-25', 'descrição do problema 78esta descrição e muito importante, pois a importancia da importancia e muito importante... sendo que a importancia da importancia deve ser importante pois a importancia e muito importante', 'Um problema de numero: 78', 4);
INSERT INTO PUBLIC.PROBLEM (ID, DATE_CREATED, DESCRIPTION, NAME, CATEGORY_ID) VALUES (80, '2015-04-30', 'descrição do problema 79esta descrição e muito importante, pois a importancia da importancia e muito importante... sendo que a importancia da importancia deve ser importante pois a importancia e muito importante', 'Um problema de numero: 79', 4);
INSERT INTO PUBLIC.PROBLEM (ID, DATE_CREATED, DESCRIPTION, NAME, CATEGORY_ID) VALUES (81, '2018-10-04', 'descrição do problema 80esta descrição e muito importante, pois a importancia da importancia e muito importante... sendo que a importancia da importancia deve ser importante pois a importancia e muito importante', 'Um problema de numero: 80', 4);
INSERT INTO PUBLIC.PROBLEM (ID, DATE_CREATED, DESCRIPTION, NAME, CATEGORY_ID) VALUES (82, '2018-03-15', 'descrição do problema 81esta descrição e muito importante, pois a importancia da importancia e muito importante... sendo que a importancia da importancia deve ser importante pois a importancia e muito importante', 'Um problema de numero: 81', 4);
INSERT INTO PUBLIC.PROBLEM (ID, DATE_CREATED, DESCRIPTION, NAME, CATEGORY_ID) VALUES (83, '2018-10-14', 'descrição do problema 82esta descrição e muito importante, pois a importancia da importancia e muito importante... sendo que a importancia da importancia deve ser importante pois a importancia e muito importante', 'Um problema de numero: 82', 4);
INSERT INTO PUBLIC.PROBLEM (ID, DATE_CREATED, DESCRIPTION, NAME, CATEGORY_ID) VALUES (84, '2017-04-13', 'descrição do problema 83esta descrição e muito importante, pois a importancia da importancia e muito importante... sendo que a importancia da importancia deve ser importante pois a importancia e muito importante', 'Um problema de numero: 83', 2);
INSERT INTO PUBLIC.PROBLEM (ID, DATE_CREATED, DESCRIPTION, NAME, CATEGORY_ID) VALUES (85, '2018-06-30', 'descrição do problema 84esta descrição e muito importante, pois a importancia da importancia e muito importante... sendo que a importancia da importancia deve ser importante pois a importancia e muito importante', 'Um problema de numero: 84', 2);
INSERT INTO PUBLIC.PROBLEM (ID, DATE_CREATED, DESCRIPTION, NAME, CATEGORY_ID) VALUES (86, '2016-03-17', 'descrição do problema 85esta descrição e muito importante, pois a importancia da importancia e muito importante... sendo que a importancia da importancia deve ser importante pois a importancia e muito importante', 'Um problema de numero: 85', 3);
INSERT INTO PUBLIC.PROBLEM (ID, DATE_CREATED, DESCRIPTION, NAME, CATEGORY_ID) VALUES (87, '2016-12-08', 'descrição do problema 86esta descrição e muito importante, pois a importancia da importancia e muito importante... sendo que a importancia da importancia deve ser importante pois a importancia e muito importante', 'Um problema de numero: 86', 3);
INSERT INTO PUBLIC.PROBLEM (ID, DATE_CREATED, DESCRIPTION, NAME, CATEGORY_ID) VALUES (88, '2017-04-13', 'descrição do problema 87esta descrição e muito importante, pois a importancia da importancia e muito importante... sendo que a importancia da importancia deve ser importante pois a importancia e muito importante', 'Um problema de numero: 87', 3);
INSERT INTO PUBLIC.PROBLEM (ID, DATE_CREATED, DESCRIPTION, NAME, CATEGORY_ID) VALUES (89, '2017-05-25', 'descrição do problema 88esta descrição e muito importante, pois a importancia da importancia e muito importante... sendo que a importancia da importancia deve ser importante pois a importancia e muito importante', 'Um problema de numero: 88', 1);
INSERT INTO PUBLIC.PROBLEM (ID, DATE_CREATED, DESCRIPTION, NAME, CATEGORY_ID) VALUES (90, '2015-08-20', 'descrição do problema 89esta descrição e muito importante, pois a importancia da importancia e muito importante... sendo que a importancia da importancia deve ser importante pois a importancia e muito importante', 'Um problema de numero: 89', 2);
INSERT INTO PUBLIC.PROBLEM (ID, DATE_CREATED, DESCRIPTION, NAME, CATEGORY_ID) VALUES (91, '2018-09-04', 'descrição do problema 90esta descrição e muito importante, pois a importancia da importancia e muito importante... sendo que a importancia da importancia deve ser importante pois a importancia e muito importante', 'Um problema de numero: 90', 3);
INSERT INTO PUBLIC.PROBLEM (ID, DATE_CREATED, DESCRIPTION, NAME, CATEGORY_ID) VALUES (92, '2018-07-05', 'descrição do problema 91esta descrição e muito importante, pois a importancia da importancia e muito importante... sendo que a importancia da importancia deve ser importante pois a importancia e muito importante', 'Um problema de numero: 91', 1);
INSERT INTO PUBLIC.PROBLEM (ID, DATE_CREATED, DESCRIPTION, NAME, CATEGORY_ID) VALUES (93, '2017-04-13', 'descrição do problema 92esta descrição e muito importante, pois a importancia da importancia e muito importante... sendo que a importancia da importancia deve ser importante pois a importancia e muito importante', 'Um problema de numero: 92', 3);
INSERT INTO PUBLIC.PROBLEM (ID, DATE_CREATED, DESCRIPTION, NAME, CATEGORY_ID) VALUES (94, '2018-06-22', 'descrição do problema 93esta descrição e muito importante, pois a importancia da importancia e muito importante... sendo que a importancia da importancia deve ser importante pois a importancia e muito importante', 'Um problema de numero: 93', 3);
INSERT INTO PUBLIC.PROBLEM (ID, DATE_CREATED, DESCRIPTION, NAME, CATEGORY_ID) VALUES (95, '2018-10-14', 'descrição do problema 94esta descrição e muito importante, pois a importancia da importancia e muito importante... sendo que a importancia da importancia deve ser importante pois a importancia e muito importante', 'Um problema de numero: 94', 1);
INSERT INTO PUBLIC.PROBLEM (ID, DATE_CREATED, DESCRIPTION, NAME, CATEGORY_ID) VALUES (96, '2018-04-26', 'descrição do problema 95esta descrição e muito importante, pois a importancia da importancia e muito importante... sendo que a importancia da importancia deve ser importante pois a importancia e muito importante', 'Um problema de numero: 95', 4);
INSERT INTO PUBLIC.PROBLEM (ID, DATE_CREATED, DESCRIPTION, NAME, CATEGORY_ID) VALUES (97, '2018-08-19', 'descrição do problema 96esta descrição e muito importante, pois a importancia da importancia e muito importante... sendo que a importancia da importancia deve ser importante pois a importancia e muito importante', 'Um problema de numero: 96', 2);
INSERT INTO PUBLIC.PROBLEM (ID, DATE_CREATED, DESCRIPTION, NAME, CATEGORY_ID) VALUES (98, '2018-08-16', 'descrição do problema 97esta descrição e muito importante, pois a importancia da importancia e muito importante... sendo que a importancia da importancia deve ser importante pois a importancia e muito importante', 'Um problema de numero: 97', 1);
INSERT INTO PUBLIC.PROBLEM (ID, DATE_CREATED, DESCRIPTION, NAME, CATEGORY_ID) VALUES (99, '2018-10-18', 'descrição do problema 98esta descrição e muito importante, pois a importancia da importancia e muito importante... sendo que a importancia da importancia deve ser importante pois a importancia e muito importante', 'Um problema de numero: 98', 2);
INSERT INTO PUBLIC.PROBLEM (ID, DATE_CREATED, DESCRIPTION, NAME, CATEGORY_ID) VALUES (100, '2015-12-24', 'descrição do problema 99esta descrição e muito importante, pois a importancia da importancia e muito importante... sendo que a importancia da importancia deve ser importante pois a importancia e muito importante', 'Um problema de numero: 99', 4);

-- insert occurrences data
INSERT INTO PUBLIC.OCCURRENCE (ID, STATUS, VIEW_COUNT, ADDRESS_ID, PHOTO_ID, PROBLEM_ID, USER_ID) VALUES (1, 'URGENT', null, 1, null, 1, 9);
INSERT INTO PUBLIC.OCCURRENCE (ID, STATUS, VIEW_COUNT, ADDRESS_ID, PHOTO_ID, PROBLEM_ID, USER_ID) VALUES (2, 'UNRESOLVED', null, 2, null, 2, 3);
INSERT INTO PUBLIC.OCCURRENCE (ID, STATUS, VIEW_COUNT, ADDRESS_ID, PHOTO_ID, PROBLEM_ID, USER_ID) VALUES (3, 'SOLVED', null, 3, null, 3, 10);
INSERT INTO PUBLIC.OCCURRENCE (ID, STATUS, VIEW_COUNT, ADDRESS_ID, PHOTO_ID, PROBLEM_ID, USER_ID) VALUES (4, 'SOLVED', null, 4, null, 4, 6);
INSERT INTO PUBLIC.OCCURRENCE (ID, STATUS, VIEW_COUNT, ADDRESS_ID, PHOTO_ID, PROBLEM_ID, USER_ID) VALUES (5, 'UNRESOLVED', null, 5, null, 5, 1);
INSERT INTO PUBLIC.OCCURRENCE (ID, STATUS, VIEW_COUNT, ADDRESS_ID, PHOTO_ID, PROBLEM_ID, USER_ID) VALUES (6, 'UNRESOLVED', null, 6, null, 6, 9);
INSERT INTO PUBLIC.OCCURRENCE (ID, STATUS, VIEW_COUNT, ADDRESS_ID, PHOTO_ID, PROBLEM_ID, USER_ID) VALUES (7, 'URGENT', null, 7, null, 7, 7);
INSERT INTO PUBLIC.OCCURRENCE (ID, STATUS, VIEW_COUNT, ADDRESS_ID, PHOTO_ID, PROBLEM_ID, USER_ID) VALUES (8, 'URGENT', null, 8, null, 8, 7);
INSERT INTO PUBLIC.OCCURRENCE (ID, STATUS, VIEW_COUNT, ADDRESS_ID, PHOTO_ID, PROBLEM_ID, USER_ID) VALUES (9, 'URGENT', null, 9, null, 9, 8);
INSERT INTO PUBLIC.OCCURRENCE (ID, STATUS, VIEW_COUNT, ADDRESS_ID, PHOTO_ID, PROBLEM_ID, USER_ID) VALUES (10, 'UNRESOLVED', null, 10, null, 10, 2);
INSERT INTO PUBLIC.OCCURRENCE (ID, STATUS, VIEW_COUNT, ADDRESS_ID, PHOTO_ID, PROBLEM_ID, USER_ID) VALUES (11, 'URGENT', null, 11, null, 11, 7);
INSERT INTO PUBLIC.OCCURRENCE (ID, STATUS, VIEW_COUNT, ADDRESS_ID, PHOTO_ID, PROBLEM_ID, USER_ID) VALUES (12, 'SOLVED', null, 12, null, 12, 5);
INSERT INTO PUBLIC.OCCURRENCE (ID, STATUS, VIEW_COUNT, ADDRESS_ID, PHOTO_ID, PROBLEM_ID, USER_ID) VALUES (13, 'SOLVED', null, 13, null, 13, 9);
INSERT INTO PUBLIC.OCCURRENCE (ID, STATUS, VIEW_COUNT, ADDRESS_ID, PHOTO_ID, PROBLEM_ID, USER_ID) VALUES (14, 'SOLVED', null, 14, null, 14, 8);
INSERT INTO PUBLIC.OCCURRENCE (ID, STATUS, VIEW_COUNT, ADDRESS_ID, PHOTO_ID, PROBLEM_ID, USER_ID) VALUES (15, 'URGENT', null, 15, null, 15, 9);
INSERT INTO PUBLIC.OCCURRENCE (ID, STATUS, VIEW_COUNT, ADDRESS_ID, PHOTO_ID, PROBLEM_ID, USER_ID) VALUES (16, 'SOLVED', null, 16, null, 16, 9);
INSERT INTO PUBLIC.OCCURRENCE (ID, STATUS, VIEW_COUNT, ADDRESS_ID, PHOTO_ID, PROBLEM_ID, USER_ID) VALUES (17, 'UNRESOLVED', null, 17, null, 17, 7);
INSERT INTO PUBLIC.OCCURRENCE (ID, STATUS, VIEW_COUNT, ADDRESS_ID, PHOTO_ID, PROBLEM_ID, USER_ID) VALUES (18, 'SOLVED', null, 18, null, 18, 9);
INSERT INTO PUBLIC.OCCURRENCE (ID, STATUS, VIEW_COUNT, ADDRESS_ID, PHOTO_ID, PROBLEM_ID, USER_ID) VALUES (19, 'UNRESOLVED', null, 19, null, 19, 8);
INSERT INTO PUBLIC.OCCURRENCE (ID, STATUS, VIEW_COUNT, ADDRESS_ID, PHOTO_ID, PROBLEM_ID, USER_ID) VALUES (20, 'UNRESOLVED', null, 20, null, 20, 3);
INSERT INTO PUBLIC.OCCURRENCE (ID, STATUS, VIEW_COUNT, ADDRESS_ID, PHOTO_ID, PROBLEM_ID, USER_ID) VALUES (21, 'URGENT', null, 21, null, 21, 9);
INSERT INTO PUBLIC.OCCURRENCE (ID, STATUS, VIEW_COUNT, ADDRESS_ID, PHOTO_ID, PROBLEM_ID, USER_ID) VALUES (22, 'SOLVED', null, 22, null, 22, 4);
INSERT INTO PUBLIC.OCCURRENCE (ID, STATUS, VIEW_COUNT, ADDRESS_ID, PHOTO_ID, PROBLEM_ID, USER_ID) VALUES (23, 'SOLVED', null, 23, null, 23, 4);
INSERT INTO PUBLIC.OCCURRENCE (ID, STATUS, VIEW_COUNT, ADDRESS_ID, PHOTO_ID, PROBLEM_ID, USER_ID) VALUES (24, 'URGENT', null, 24, null, 24, 8);
INSERT INTO PUBLIC.OCCURRENCE (ID, STATUS, VIEW_COUNT, ADDRESS_ID, PHOTO_ID, PROBLEM_ID, USER_ID) VALUES (25, 'UNRESOLVED', null, 25, null, 25, 2);
INSERT INTO PUBLIC.OCCURRENCE (ID, STATUS, VIEW_COUNT, ADDRESS_ID, PHOTO_ID, PROBLEM_ID, USER_ID) VALUES (26, 'SOLVED', null, 26, null, 26, 1);
INSERT INTO PUBLIC.OCCURRENCE (ID, STATUS, VIEW_COUNT, ADDRESS_ID, PHOTO_ID, PROBLEM_ID, USER_ID) VALUES (27, 'SOLVED', null, 27, null, 27, 10);
INSERT INTO PUBLIC.OCCURRENCE (ID, STATUS, VIEW_COUNT, ADDRESS_ID, PHOTO_ID, PROBLEM_ID, USER_ID) VALUES (28, 'URGENT', null, 28, null, 28, 1);
INSERT INTO PUBLIC.OCCURRENCE (ID, STATUS, VIEW_COUNT, ADDRESS_ID, PHOTO_ID, PROBLEM_ID, USER_ID) VALUES (29, 'SOLVED', null, 29, null, 29, 10);
INSERT INTO PUBLIC.OCCURRENCE (ID, STATUS, VIEW_COUNT, ADDRESS_ID, PHOTO_ID, PROBLEM_ID, USER_ID) VALUES (30, 'UNRESOLVED', null, 30, null, 30, 8);
INSERT INTO PUBLIC.OCCURRENCE (ID, STATUS, VIEW_COUNT, ADDRESS_ID, PHOTO_ID, PROBLEM_ID, USER_ID) VALUES (31, 'UNRESOLVED', null, 31, null, 31, 9);
INSERT INTO PUBLIC.OCCURRENCE (ID, STATUS, VIEW_COUNT, ADDRESS_ID, PHOTO_ID, PROBLEM_ID, USER_ID) VALUES (32, 'UNRESOLVED', null, 32, null, 32, 7);
INSERT INTO PUBLIC.OCCURRENCE (ID, STATUS, VIEW_COUNT, ADDRESS_ID, PHOTO_ID, PROBLEM_ID, USER_ID) VALUES (33, 'URGENT', null, 33, null, 33, 6);
INSERT INTO PUBLIC.OCCURRENCE (ID, STATUS, VIEW_COUNT, ADDRESS_ID, PHOTO_ID, PROBLEM_ID, USER_ID) VALUES (34, 'UNRESOLVED', null, 34, null, 34, 10);
INSERT INTO PUBLIC.OCCURRENCE (ID, STATUS, VIEW_COUNT, ADDRESS_ID, PHOTO_ID, PROBLEM_ID, USER_ID) VALUES (35, 'URGENT', null, 35, null, 35, 9);
INSERT INTO PUBLIC.OCCURRENCE (ID, STATUS, VIEW_COUNT, ADDRESS_ID, PHOTO_ID, PROBLEM_ID, USER_ID) VALUES (36, 'URGENT', null, 36, null, 36, 5);
INSERT INTO PUBLIC.OCCURRENCE (ID, STATUS, VIEW_COUNT, ADDRESS_ID, PHOTO_ID, PROBLEM_ID, USER_ID) VALUES (37, 'UNRESOLVED', null, 37, null, 37, 7);
INSERT INTO PUBLIC.OCCURRENCE (ID, STATUS, VIEW_COUNT, ADDRESS_ID, PHOTO_ID, PROBLEM_ID, USER_ID) VALUES (38, 'SOLVED', null, 38, null, 38, 8);
INSERT INTO PUBLIC.OCCURRENCE (ID, STATUS, VIEW_COUNT, ADDRESS_ID, PHOTO_ID, PROBLEM_ID, USER_ID) VALUES (39, 'UNRESOLVED', null, 39, null, 39, 8);
INSERT INTO PUBLIC.OCCURRENCE (ID, STATUS, VIEW_COUNT, ADDRESS_ID, PHOTO_ID, PROBLEM_ID, USER_ID) VALUES (40, 'UNRESOLVED', null, 40, null, 40, 2);
INSERT INTO PUBLIC.OCCURRENCE (ID, STATUS, VIEW_COUNT, ADDRESS_ID, PHOTO_ID, PROBLEM_ID, USER_ID) VALUES (41, 'UNRESOLVED', null, 41, null, 41, 8);
INSERT INTO PUBLIC.OCCURRENCE (ID, STATUS, VIEW_COUNT, ADDRESS_ID, PHOTO_ID, PROBLEM_ID, USER_ID) VALUES (42, 'SOLVED', null, 42, null, 42, 7);
INSERT INTO PUBLIC.OCCURRENCE (ID, STATUS, VIEW_COUNT, ADDRESS_ID, PHOTO_ID, PROBLEM_ID, USER_ID) VALUES (43, 'URGENT', null, 43, null, 43, 6);
INSERT INTO PUBLIC.OCCURRENCE (ID, STATUS, VIEW_COUNT, ADDRESS_ID, PHOTO_ID, PROBLEM_ID, USER_ID) VALUES (44, 'SOLVED', null, 44, null, 44, 7);
INSERT INTO PUBLIC.OCCURRENCE (ID, STATUS, VIEW_COUNT, ADDRESS_ID, PHOTO_ID, PROBLEM_ID, USER_ID) VALUES (45, 'UNRESOLVED', null, 45, null, 45, 5);
INSERT INTO PUBLIC.OCCURRENCE (ID, STATUS, VIEW_COUNT, ADDRESS_ID, PHOTO_ID, PROBLEM_ID, USER_ID) VALUES (46, 'URGENT', null, 46, null, 46, 6);
INSERT INTO PUBLIC.OCCURRENCE (ID, STATUS, VIEW_COUNT, ADDRESS_ID, PHOTO_ID, PROBLEM_ID, USER_ID) VALUES (47, 'URGENT', null, 47, null, 47, 10);
INSERT INTO PUBLIC.OCCURRENCE (ID, STATUS, VIEW_COUNT, ADDRESS_ID, PHOTO_ID, PROBLEM_ID, USER_ID) VALUES (48, 'SOLVED', null, 48, null, 48, 3);
INSERT INTO PUBLIC.OCCURRENCE (ID, STATUS, VIEW_COUNT, ADDRESS_ID, PHOTO_ID, PROBLEM_ID, USER_ID) VALUES (49, 'URGENT', null, 49, null, 49, 3);
INSERT INTO PUBLIC.OCCURRENCE (ID, STATUS, VIEW_COUNT, ADDRESS_ID, PHOTO_ID, PROBLEM_ID, USER_ID) VALUES (50, 'UNRESOLVED', null, 50, null, 50, 9);
INSERT INTO PUBLIC.OCCURRENCE (ID, STATUS, VIEW_COUNT, ADDRESS_ID, PHOTO_ID, PROBLEM_ID, USER_ID) VALUES (51, 'URGENT', null, 51, null, 51, 2);
INSERT INTO PUBLIC.OCCURRENCE (ID, STATUS, VIEW_COUNT, ADDRESS_ID, PHOTO_ID, PROBLEM_ID, USER_ID) VALUES (52, 'SOLVED', null, 52, null, 52, 5);
INSERT INTO PUBLIC.OCCURRENCE (ID, STATUS, VIEW_COUNT, ADDRESS_ID, PHOTO_ID, PROBLEM_ID, USER_ID) VALUES (53, 'URGENT', null, 53, null, 53, 8);
INSERT INTO PUBLIC.OCCURRENCE (ID, STATUS, VIEW_COUNT, ADDRESS_ID, PHOTO_ID, PROBLEM_ID, USER_ID) VALUES (54, 'UNRESOLVED', null, 54, null, 54, 5);
INSERT INTO PUBLIC.OCCURRENCE (ID, STATUS, VIEW_COUNT, ADDRESS_ID, PHOTO_ID, PROBLEM_ID, USER_ID) VALUES (55, 'SOLVED', null, 55, null, 55, 9);
INSERT INTO PUBLIC.OCCURRENCE (ID, STATUS, VIEW_COUNT, ADDRESS_ID, PHOTO_ID, PROBLEM_ID, USER_ID) VALUES (56, 'SOLVED', null, 56, null, 56, 4);
INSERT INTO PUBLIC.OCCURRENCE (ID, STATUS, VIEW_COUNT, ADDRESS_ID, PHOTO_ID, PROBLEM_ID, USER_ID) VALUES (57, 'URGENT', null, 57, null, 57, 3);
INSERT INTO PUBLIC.OCCURRENCE (ID, STATUS, VIEW_COUNT, ADDRESS_ID, PHOTO_ID, PROBLEM_ID, USER_ID) VALUES (58, 'SOLVED', null, 58, null, 58, 5);
INSERT INTO PUBLIC.OCCURRENCE (ID, STATUS, VIEW_COUNT, ADDRESS_ID, PHOTO_ID, PROBLEM_ID, USER_ID) VALUES (59, 'UNRESOLVED', null, 59, null, 59, 7);
INSERT INTO PUBLIC.OCCURRENCE (ID, STATUS, VIEW_COUNT, ADDRESS_ID, PHOTO_ID, PROBLEM_ID, USER_ID) VALUES (60, 'SOLVED', null, 60, null, 60, 3);
INSERT INTO PUBLIC.OCCURRENCE (ID, STATUS, VIEW_COUNT, ADDRESS_ID, PHOTO_ID, PROBLEM_ID, USER_ID) VALUES (61, 'UNRESOLVED', null, 61, null, 61, 1);
INSERT INTO PUBLIC.OCCURRENCE (ID, STATUS, VIEW_COUNT, ADDRESS_ID, PHOTO_ID, PROBLEM_ID, USER_ID) VALUES (62, 'UNRESOLVED', null, 62, null, 62, 7);
INSERT INTO PUBLIC.OCCURRENCE (ID, STATUS, VIEW_COUNT, ADDRESS_ID, PHOTO_ID, PROBLEM_ID, USER_ID) VALUES (63, 'UNRESOLVED', null, 63, null, 63, 6);
INSERT INTO PUBLIC.OCCURRENCE (ID, STATUS, VIEW_COUNT, ADDRESS_ID, PHOTO_ID, PROBLEM_ID, USER_ID) VALUES (64, 'SOLVED', null, 64, null, 64, 1);
INSERT INTO PUBLIC.OCCURRENCE (ID, STATUS, VIEW_COUNT, ADDRESS_ID, PHOTO_ID, PROBLEM_ID, USER_ID) VALUES (65, 'SOLVED', null, 65, null, 65, 1);
INSERT INTO PUBLIC.OCCURRENCE (ID, STATUS, VIEW_COUNT, ADDRESS_ID, PHOTO_ID, PROBLEM_ID, USER_ID) VALUES (66, 'UNRESOLVED', null, 66, null, 66, 2);
INSERT INTO PUBLIC.OCCURRENCE (ID, STATUS, VIEW_COUNT, ADDRESS_ID, PHOTO_ID, PROBLEM_ID, USER_ID) VALUES (67, 'URGENT', null, 67, null, 67, 6);
INSERT INTO PUBLIC.OCCURRENCE (ID, STATUS, VIEW_COUNT, ADDRESS_ID, PHOTO_ID, PROBLEM_ID, USER_ID) VALUES (68, 'UNRESOLVED', null, 68, null, 68, 3);
INSERT INTO PUBLIC.OCCURRENCE (ID, STATUS, VIEW_COUNT, ADDRESS_ID, PHOTO_ID, PROBLEM_ID, USER_ID) VALUES (69, 'SOLVED', null, 69, null, 69, 6);
INSERT INTO PUBLIC.OCCURRENCE (ID, STATUS, VIEW_COUNT, ADDRESS_ID, PHOTO_ID, PROBLEM_ID, USER_ID) VALUES (70, 'URGENT', null, 70, null, 70, 3);
INSERT INTO PUBLIC.OCCURRENCE (ID, STATUS, VIEW_COUNT, ADDRESS_ID, PHOTO_ID, PROBLEM_ID, USER_ID) VALUES (71, 'URGENT', null, 71, null, 71, 6);
INSERT INTO PUBLIC.OCCURRENCE (ID, STATUS, VIEW_COUNT, ADDRESS_ID, PHOTO_ID, PROBLEM_ID, USER_ID) VALUES (72, 'URGENT', null, 72, null, 72, 3);
INSERT INTO PUBLIC.OCCURRENCE (ID, STATUS, VIEW_COUNT, ADDRESS_ID, PHOTO_ID, PROBLEM_ID, USER_ID) VALUES (73, 'URGENT', null, 73, null, 73, 8);
INSERT INTO PUBLIC.OCCURRENCE (ID, STATUS, VIEW_COUNT, ADDRESS_ID, PHOTO_ID, PROBLEM_ID, USER_ID) VALUES (74, 'URGENT', null, 74, null, 74, 5);
INSERT INTO PUBLIC.OCCURRENCE (ID, STATUS, VIEW_COUNT, ADDRESS_ID, PHOTO_ID, PROBLEM_ID, USER_ID) VALUES (75, 'UNRESOLVED', null, 75, null, 75, 4);
INSERT INTO PUBLIC.OCCURRENCE (ID, STATUS, VIEW_COUNT, ADDRESS_ID, PHOTO_ID, PROBLEM_ID, USER_ID) VALUES (76, 'SOLVED', null, 76, null, 76, 1);
INSERT INTO PUBLIC.OCCURRENCE (ID, STATUS, VIEW_COUNT, ADDRESS_ID, PHOTO_ID, PROBLEM_ID, USER_ID) VALUES (77, 'UNRESOLVED', null, 77, null, 77, 3);
INSERT INTO PUBLIC.OCCURRENCE (ID, STATUS, VIEW_COUNT, ADDRESS_ID, PHOTO_ID, PROBLEM_ID, USER_ID) VALUES (78, 'URGENT', null, 78, null, 78, 9);
INSERT INTO PUBLIC.OCCURRENCE (ID, STATUS, VIEW_COUNT, ADDRESS_ID, PHOTO_ID, PROBLEM_ID, USER_ID) VALUES (79, 'SOLVED', null, 79, null, 79, 10);
INSERT INTO PUBLIC.OCCURRENCE (ID, STATUS, VIEW_COUNT, ADDRESS_ID, PHOTO_ID, PROBLEM_ID, USER_ID) VALUES (80, 'UNRESOLVED', null, 80, null, 80, 10);
INSERT INTO PUBLIC.OCCURRENCE (ID, STATUS, VIEW_COUNT, ADDRESS_ID, PHOTO_ID, PROBLEM_ID, USER_ID) VALUES (81, 'UNRESOLVED', null, 81, null, 81, 6);
INSERT INTO PUBLIC.OCCURRENCE (ID, STATUS, VIEW_COUNT, ADDRESS_ID, PHOTO_ID, PROBLEM_ID, USER_ID) VALUES (82, 'URGENT', null, 82, null, 82, 3);
INSERT INTO PUBLIC.OCCURRENCE (ID, STATUS, VIEW_COUNT, ADDRESS_ID, PHOTO_ID, PROBLEM_ID, USER_ID) VALUES (83, 'SOLVED', null, 83, null, 83, 10);
INSERT INTO PUBLIC.OCCURRENCE (ID, STATUS, VIEW_COUNT, ADDRESS_ID, PHOTO_ID, PROBLEM_ID, USER_ID) VALUES (84, 'SOLVED', null, 84, null, 84, 4);
INSERT INTO PUBLIC.OCCURRENCE (ID, STATUS, VIEW_COUNT, ADDRESS_ID, PHOTO_ID, PROBLEM_ID, USER_ID) VALUES (85, 'URGENT', null, 85, null, 85, 9);
INSERT INTO PUBLIC.OCCURRENCE (ID, STATUS, VIEW_COUNT, ADDRESS_ID, PHOTO_ID, PROBLEM_ID, USER_ID) VALUES (86, 'UNRESOLVED', null, 86, null, 86, 6);
INSERT INTO PUBLIC.OCCURRENCE (ID, STATUS, VIEW_COUNT, ADDRESS_ID, PHOTO_ID, PROBLEM_ID, USER_ID) VALUES (87, 'SOLVED', null, 87, null, 87, 1);
INSERT INTO PUBLIC.OCCURRENCE (ID, STATUS, VIEW_COUNT, ADDRESS_ID, PHOTO_ID, PROBLEM_ID, USER_ID) VALUES (88, 'URGENT', null, 88, null, 88, 5);
INSERT INTO PUBLIC.OCCURRENCE (ID, STATUS, VIEW_COUNT, ADDRESS_ID, PHOTO_ID, PROBLEM_ID, USER_ID) VALUES (89, 'UNRESOLVED', null, 89, null, 89, 9);
INSERT INTO PUBLIC.OCCURRENCE (ID, STATUS, VIEW_COUNT, ADDRESS_ID, PHOTO_ID, PROBLEM_ID, USER_ID) VALUES (90, 'SOLVED', null, 90, null, 90, 5);
INSERT INTO PUBLIC.OCCURRENCE (ID, STATUS, VIEW_COUNT, ADDRESS_ID, PHOTO_ID, PROBLEM_ID, USER_ID) VALUES (91, 'URGENT', null, 91, null, 91, 2);
INSERT INTO PUBLIC.OCCURRENCE (ID, STATUS, VIEW_COUNT, ADDRESS_ID, PHOTO_ID, PROBLEM_ID, USER_ID) VALUES (92, 'SOLVED', null, 92, null, 92, 7);
INSERT INTO PUBLIC.OCCURRENCE (ID, STATUS, VIEW_COUNT, ADDRESS_ID, PHOTO_ID, PROBLEM_ID, USER_ID) VALUES (93, 'URGENT', null, 93, null, 93, 7);
INSERT INTO PUBLIC.OCCURRENCE (ID, STATUS, VIEW_COUNT, ADDRESS_ID, PHOTO_ID, PROBLEM_ID, USER_ID) VALUES (94, 'URGENT', null, 94, null, 94, 4);
INSERT INTO PUBLIC.OCCURRENCE (ID, STATUS, VIEW_COUNT, ADDRESS_ID, PHOTO_ID, PROBLEM_ID, USER_ID) VALUES (95, 'UNRESOLVED', null, 95, null, 95, 7);
INSERT INTO PUBLIC.OCCURRENCE (ID, STATUS, VIEW_COUNT, ADDRESS_ID, PHOTO_ID, PROBLEM_ID, USER_ID) VALUES (96, 'URGENT', null, 96, null, 96, 1);
INSERT INTO PUBLIC.OCCURRENCE (ID, STATUS, VIEW_COUNT, ADDRESS_ID, PHOTO_ID, PROBLEM_ID, USER_ID) VALUES (97, 'UNRESOLVED', null, 97, null, 97, 9);
INSERT INTO PUBLIC.OCCURRENCE (ID, STATUS, VIEW_COUNT, ADDRESS_ID, PHOTO_ID, PROBLEM_ID, USER_ID) VALUES (98, 'URGENT', null, 98, null, 98, 8);
INSERT INTO PUBLIC.OCCURRENCE (ID, STATUS, VIEW_COUNT, ADDRESS_ID, PHOTO_ID, PROBLEM_ID, USER_ID) VALUES (99, 'URGENT', null, 99, null, 99, 9);
INSERT INTO PUBLIC.OCCURRENCE (ID, STATUS, VIEW_COUNT, ADDRESS_ID, PHOTO_ID, PROBLEM_ID, USER_ID) VALUES (100, 'SOLVED', null, 100, null, 100, 7);

--insert likes no likes datas
INSERT INTO PUBLIC.LIKED_NOLIKED (ID, OP, OCCURRENCE_ID, USER_ID) VALUES (1, 'LIKED', 1, 5);
INSERT INTO PUBLIC.LIKED_NOLIKED (ID, OP, OCCURRENCE_ID, USER_ID) VALUES (2, 'LIKED', 2, 1);
INSERT INTO PUBLIC.LIKED_NOLIKED (ID, OP, OCCURRENCE_ID, USER_ID) VALUES (3, 'LIKED', 2, 2);
INSERT INTO PUBLIC.LIKED_NOLIKED (ID, OP, OCCURRENCE_ID, USER_ID) VALUES (4, 'NOLIKED', 2, 5);
INSERT INTO PUBLIC.LIKED_NOLIKED (ID, OP, OCCURRENCE_ID, USER_ID) VALUES (5, 'LIKED', 2, 7);
INSERT INTO PUBLIC.LIKED_NOLIKED (ID, OP, OCCURRENCE_ID, USER_ID) VALUES (6, 'LIKED', 3, 6);
INSERT INTO PUBLIC.LIKED_NOLIKED (ID, OP, OCCURRENCE_ID, USER_ID) VALUES (7, 'NOLIKED', 3, 10);
INSERT INTO PUBLIC.LIKED_NOLIKED (ID, OP, OCCURRENCE_ID, USER_ID) VALUES (8, 'LIKED', 4, 2);
INSERT INTO PUBLIC.LIKED_NOLIKED (ID, OP, OCCURRENCE_ID, USER_ID) VALUES (9, 'NOLIKED', 4, 6);
INSERT INTO PUBLIC.LIKED_NOLIKED (ID, OP, OCCURRENCE_ID, USER_ID) VALUES (10, 'NOLIKED', 5, 1);
INSERT INTO PUBLIC.LIKED_NOLIKED (ID, OP, OCCURRENCE_ID, USER_ID) VALUES (11, 'LIKED', 5, 2);
INSERT INTO PUBLIC.LIKED_NOLIKED (ID, OP, OCCURRENCE_ID, USER_ID) VALUES (12, 'LIKED', 5, 3);
INSERT INTO PUBLIC.LIKED_NOLIKED (ID, OP, OCCURRENCE_ID, USER_ID) VALUES (13, 'LIKED', 5, 4);
INSERT INTO PUBLIC.LIKED_NOLIKED (ID, OP, OCCURRENCE_ID, USER_ID) VALUES (14, 'LIKED', 5, 5);
INSERT INTO PUBLIC.LIKED_NOLIKED (ID, OP, OCCURRENCE_ID, USER_ID) VALUES (15, 'NOLIKED', 5, 6);
INSERT INTO PUBLIC.LIKED_NOLIKED (ID, OP, OCCURRENCE_ID, USER_ID) VALUES (16, 'NOLIKED', 5, 8);
INSERT INTO PUBLIC.LIKED_NOLIKED (ID, OP, OCCURRENCE_ID, USER_ID) VALUES (17, 'LIKED', 7, 1);
INSERT INTO PUBLIC.LIKED_NOLIKED (ID, OP, OCCURRENCE_ID, USER_ID) VALUES (18, 'NOLIKED', 7, 4);
INSERT INTO PUBLIC.LIKED_NOLIKED (ID, OP, OCCURRENCE_ID, USER_ID) VALUES (19, 'LIKED', 7, 5);
INSERT INTO PUBLIC.LIKED_NOLIKED (ID, OP, OCCURRENCE_ID, USER_ID) VALUES (20, 'NOLIKED', 7, 6);
INSERT INTO PUBLIC.LIKED_NOLIKED (ID, OP, OCCURRENCE_ID, USER_ID) VALUES (21, 'LIKED', 7, 10);
INSERT INTO PUBLIC.LIKED_NOLIKED (ID, OP, OCCURRENCE_ID, USER_ID) VALUES (22, 'LIKED', 8, 1);
INSERT INTO PUBLIC.LIKED_NOLIKED (ID, OP, OCCURRENCE_ID, USER_ID) VALUES (23, 'NOLIKED', 8, 5);
INSERT INTO PUBLIC.LIKED_NOLIKED (ID, OP, OCCURRENCE_ID, USER_ID) VALUES (24, 'LIKED', 8, 9);
INSERT INTO PUBLIC.LIKED_NOLIKED (ID, OP, OCCURRENCE_ID, USER_ID) VALUES (25, 'LIKED', 9, 2);
INSERT INTO PUBLIC.LIKED_NOLIKED (ID, OP, OCCURRENCE_ID, USER_ID) VALUES (26, 'LIKED', 9, 3);
INSERT INTO PUBLIC.LIKED_NOLIKED (ID, OP, OCCURRENCE_ID, USER_ID) VALUES (27, 'NOLIKED', 9, 5);
INSERT INTO PUBLIC.LIKED_NOLIKED (ID, OP, OCCURRENCE_ID, USER_ID) VALUES (28, 'LIKED', 10, 5);
INSERT INTO PUBLIC.LIKED_NOLIKED (ID, OP, OCCURRENCE_ID, USER_ID) VALUES (29, 'LIKED', 10, 6);
INSERT INTO PUBLIC.LIKED_NOLIKED (ID, OP, OCCURRENCE_ID, USER_ID) VALUES (30, 'LIKED', 10, 8);
INSERT INTO PUBLIC.LIKED_NOLIKED (ID, OP, OCCURRENCE_ID, USER_ID) VALUES (31, 'NOLIKED', 10, 9);
INSERT INTO PUBLIC.LIKED_NOLIKED (ID, OP, OCCURRENCE_ID, USER_ID) VALUES (32, 'NOLIKED', 11, 8);
INSERT INTO PUBLIC.LIKED_NOLIKED (ID, OP, OCCURRENCE_ID, USER_ID) VALUES (33, 'NOLIKED', 12, 1);
INSERT INTO PUBLIC.LIKED_NOLIKED (ID, OP, OCCURRENCE_ID, USER_ID) VALUES (34, 'LIKED', 12, 2);
INSERT INTO PUBLIC.LIKED_NOLIKED (ID, OP, OCCURRENCE_ID, USER_ID) VALUES (35, 'NOLIKED', 12, 5);
INSERT INTO PUBLIC.LIKED_NOLIKED (ID, OP, OCCURRENCE_ID, USER_ID) VALUES (36, 'NOLIKED', 12, 8);
INSERT INTO PUBLIC.LIKED_NOLIKED (ID, OP, OCCURRENCE_ID, USER_ID) VALUES (37, 'LIKED', 12, 10);
INSERT INTO PUBLIC.LIKED_NOLIKED (ID, OP, OCCURRENCE_ID, USER_ID) VALUES (38, 'LIKED', 13, 2);
INSERT INTO PUBLIC.LIKED_NOLIKED (ID, OP, OCCURRENCE_ID, USER_ID) VALUES (39, 'LIKED', 13, 4);
INSERT INTO PUBLIC.LIKED_NOLIKED (ID, OP, OCCURRENCE_ID, USER_ID) VALUES (40, 'LIKED', 13, 9);
INSERT INTO PUBLIC.LIKED_NOLIKED (ID, OP, OCCURRENCE_ID, USER_ID) VALUES (41, 'NOLIKED', 14, 4);
INSERT INTO PUBLIC.LIKED_NOLIKED (ID, OP, OCCURRENCE_ID, USER_ID) VALUES (42, 'NOLIKED', 14, 6);
INSERT INTO PUBLIC.LIKED_NOLIKED (ID, OP, OCCURRENCE_ID, USER_ID) VALUES (43, 'LIKED', 14, 7);
INSERT INTO PUBLIC.LIKED_NOLIKED (ID, OP, OCCURRENCE_ID, USER_ID) VALUES (44, 'LIKED', 14, 8);
INSERT INTO PUBLIC.LIKED_NOLIKED (ID, OP, OCCURRENCE_ID, USER_ID) VALUES (45, 'NOLIKED', 15, 1);
INSERT INTO PUBLIC.LIKED_NOLIKED (ID, OP, OCCURRENCE_ID, USER_ID) VALUES (46, 'LIKED', 15, 4);
INSERT INTO PUBLIC.LIKED_NOLIKED (ID, OP, OCCURRENCE_ID, USER_ID) VALUES (47, 'NOLIKED', 15, 5);
INSERT INTO PUBLIC.LIKED_NOLIKED (ID, OP, OCCURRENCE_ID, USER_ID) VALUES (48, 'LIKED', 16, 6);
INSERT INTO PUBLIC.LIKED_NOLIKED (ID, OP, OCCURRENCE_ID, USER_ID) VALUES (49, 'LIKED', 16, 7);
INSERT INTO PUBLIC.LIKED_NOLIKED (ID, OP, OCCURRENCE_ID, USER_ID) VALUES (50, 'LIKED', 16, 10);
INSERT INTO PUBLIC.LIKED_NOLIKED (ID, OP, OCCURRENCE_ID, USER_ID) VALUES (51, 'NOLIKED', 17, 5);
INSERT INTO PUBLIC.LIKED_NOLIKED (ID, OP, OCCURRENCE_ID, USER_ID) VALUES (52, 'NOLIKED', 17, 10);
INSERT INTO PUBLIC.LIKED_NOLIKED (ID, OP, OCCURRENCE_ID, USER_ID) VALUES (53, 'NOLIKED', 18, 6);
INSERT INTO PUBLIC.LIKED_NOLIKED (ID, OP, OCCURRENCE_ID, USER_ID) VALUES (54, 'LIKED', 18, 7);
INSERT INTO PUBLIC.LIKED_NOLIKED (ID, OP, OCCURRENCE_ID, USER_ID) VALUES (55, 'LIKED', 18, 8);
INSERT INTO PUBLIC.LIKED_NOLIKED (ID, OP, OCCURRENCE_ID, USER_ID) VALUES (56, 'LIKED', 18, 10);
INSERT INTO PUBLIC.LIKED_NOLIKED (ID, OP, OCCURRENCE_ID, USER_ID) VALUES (57, 'LIKED', 19, 1);
INSERT INTO PUBLIC.LIKED_NOLIKED (ID, OP, OCCURRENCE_ID, USER_ID) VALUES (58, 'NOLIKED', 19, 2);
INSERT INTO PUBLIC.LIKED_NOLIKED (ID, OP, OCCURRENCE_ID, USER_ID) VALUES (59, 'NOLIKED', 19, 4);
INSERT INTO PUBLIC.LIKED_NOLIKED (ID, OP, OCCURRENCE_ID, USER_ID) VALUES (60, 'NOLIKED', 19, 5);
INSERT INTO PUBLIC.LIKED_NOLIKED (ID, OP, OCCURRENCE_ID, USER_ID) VALUES (61, 'LIKED', 19, 6);
INSERT INTO PUBLIC.LIKED_NOLIKED (ID, OP, OCCURRENCE_ID, USER_ID) VALUES (62, 'LIKED', 19, 7);
INSERT INTO PUBLIC.LIKED_NOLIKED (ID, OP, OCCURRENCE_ID, USER_ID) VALUES (63, 'NOLIKED', 19, 10);
INSERT INTO PUBLIC.LIKED_NOLIKED (ID, OP, OCCURRENCE_ID, USER_ID) VALUES (64, 'LIKED', 21, 1);
INSERT INTO PUBLIC.LIKED_NOLIKED (ID, OP, OCCURRENCE_ID, USER_ID) VALUES (65, 'NOLIKED', 21, 2);
INSERT INTO PUBLIC.LIKED_NOLIKED (ID, OP, OCCURRENCE_ID, USER_ID) VALUES (66, 'LIKED', 21, 5);
INSERT INTO PUBLIC.LIKED_NOLIKED (ID, OP, OCCURRENCE_ID, USER_ID) VALUES (67, 'LIKED', 21, 7);
INSERT INTO PUBLIC.LIKED_NOLIKED (ID, OP, OCCURRENCE_ID, USER_ID) VALUES (68, 'LIKED', 22, 1);
INSERT INTO PUBLIC.LIKED_NOLIKED (ID, OP, OCCURRENCE_ID, USER_ID) VALUES (69, 'NOLIKED', 22, 3);
INSERT INTO PUBLIC.LIKED_NOLIKED (ID, OP, OCCURRENCE_ID, USER_ID) VALUES (70, 'LIKED', 22, 4);
INSERT INTO PUBLIC.LIKED_NOLIKED (ID, OP, OCCURRENCE_ID, USER_ID) VALUES (71, 'NOLIKED', 22, 6);
INSERT INTO PUBLIC.LIKED_NOLIKED (ID, OP, OCCURRENCE_ID, USER_ID) VALUES (72, 'LIKED', 22, 7);
INSERT INTO PUBLIC.LIKED_NOLIKED (ID, OP, OCCURRENCE_ID, USER_ID) VALUES (73, 'NOLIKED', 22, 10);
INSERT INTO PUBLIC.LIKED_NOLIKED (ID, OP, OCCURRENCE_ID, USER_ID) VALUES (74, 'NOLIKED', 23, 1);
INSERT INTO PUBLIC.LIKED_NOLIKED (ID, OP, OCCURRENCE_ID, USER_ID) VALUES (75, 'LIKED', 23, 2);
INSERT INTO PUBLIC.LIKED_NOLIKED (ID, OP, OCCURRENCE_ID, USER_ID) VALUES (76, 'NOLIKED', 23, 3);
INSERT INTO PUBLIC.LIKED_NOLIKED (ID, OP, OCCURRENCE_ID, USER_ID) VALUES (77, 'NOLIKED', 23, 4);
INSERT INTO PUBLIC.LIKED_NOLIKED (ID, OP, OCCURRENCE_ID, USER_ID) VALUES (78, 'NOLIKED', 23, 8);
INSERT INTO PUBLIC.LIKED_NOLIKED (ID, OP, OCCURRENCE_ID, USER_ID) VALUES (79, 'NOLIKED', 23, 9);
INSERT INTO PUBLIC.LIKED_NOLIKED (ID, OP, OCCURRENCE_ID, USER_ID) VALUES (80, 'NOLIKED', 24, 1);
INSERT INTO PUBLIC.LIKED_NOLIKED (ID, OP, OCCURRENCE_ID, USER_ID) VALUES (81, 'LIKED', 24, 2);
INSERT INTO PUBLIC.LIKED_NOLIKED (ID, OP, OCCURRENCE_ID, USER_ID) VALUES (82, 'NOLIKED', 24, 3);
INSERT INTO PUBLIC.LIKED_NOLIKED (ID, OP, OCCURRENCE_ID, USER_ID) VALUES (83, 'LIKED', 24, 4);
INSERT INTO PUBLIC.LIKED_NOLIKED (ID, OP, OCCURRENCE_ID, USER_ID) VALUES (84, 'NOLIKED', 24, 6);
INSERT INTO PUBLIC.LIKED_NOLIKED (ID, OP, OCCURRENCE_ID, USER_ID) VALUES (85, 'LIKED', 24, 8);
INSERT INTO PUBLIC.LIKED_NOLIKED (ID, OP, OCCURRENCE_ID, USER_ID) VALUES (86, 'NOLIKED', 25, 4);
INSERT INTO PUBLIC.LIKED_NOLIKED (ID, OP, OCCURRENCE_ID, USER_ID) VALUES (87, 'LIKED', 25, 8);
INSERT INTO PUBLIC.LIKED_NOLIKED (ID, OP, OCCURRENCE_ID, USER_ID) VALUES (88, 'NOLIKED', 26, 3);
INSERT INTO PUBLIC.LIKED_NOLIKED (ID, OP, OCCURRENCE_ID, USER_ID) VALUES (89, 'NOLIKED', 26, 7);
INSERT INTO PUBLIC.LIKED_NOLIKED (ID, OP, OCCURRENCE_ID, USER_ID) VALUES (90, 'NOLIKED', 26, 9);
INSERT INTO PUBLIC.LIKED_NOLIKED (ID, OP, OCCURRENCE_ID, USER_ID) VALUES (91, 'NOLIKED', 27, 1);
INSERT INTO PUBLIC.LIKED_NOLIKED (ID, OP, OCCURRENCE_ID, USER_ID) VALUES (92, 'LIKED', 28, 2);
INSERT INTO PUBLIC.LIKED_NOLIKED (ID, OP, OCCURRENCE_ID, USER_ID) VALUES (93, 'LIKED', 28, 3);
INSERT INTO PUBLIC.LIKED_NOLIKED (ID, OP, OCCURRENCE_ID, USER_ID) VALUES (94, 'NOLIKED', 28, 5);
INSERT INTO PUBLIC.LIKED_NOLIKED (ID, OP, OCCURRENCE_ID, USER_ID) VALUES (95, 'LIKED', 29, 1);
INSERT INTO PUBLIC.LIKED_NOLIKED (ID, OP, OCCURRENCE_ID, USER_ID) VALUES (96, 'LIKED', 29, 3);
INSERT INTO PUBLIC.LIKED_NOLIKED (ID, OP, OCCURRENCE_ID, USER_ID) VALUES (97, 'NOLIKED', 29, 4);
INSERT INTO PUBLIC.LIKED_NOLIKED (ID, OP, OCCURRENCE_ID, USER_ID) VALUES (98, 'LIKED', 29, 6);
INSERT INTO PUBLIC.LIKED_NOLIKED (ID, OP, OCCURRENCE_ID, USER_ID) VALUES (99, 'NOLIKED', 29, 10);
INSERT INTO PUBLIC.LIKED_NOLIKED (ID, OP, OCCURRENCE_ID, USER_ID) VALUES (100, 'NOLIKED', 31, 1);
INSERT INTO PUBLIC.LIKED_NOLIKED (ID, OP, OCCURRENCE_ID, USER_ID) VALUES (101, 'NOLIKED', 31, 3);
INSERT INTO PUBLIC.LIKED_NOLIKED (ID, OP, OCCURRENCE_ID, USER_ID) VALUES (102, 'NOLIKED', 31, 4);
INSERT INTO PUBLIC.LIKED_NOLIKED (ID, OP, OCCURRENCE_ID, USER_ID) VALUES (103, 'NOLIKED', 31, 5);
INSERT INTO PUBLIC.LIKED_NOLIKED (ID, OP, OCCURRENCE_ID, USER_ID) VALUES (104, 'NOLIKED', 31, 7);
INSERT INTO PUBLIC.LIKED_NOLIKED (ID, OP, OCCURRENCE_ID, USER_ID) VALUES (105, 'LIKED', 31, 10);
INSERT INTO PUBLIC.LIKED_NOLIKED (ID, OP, OCCURRENCE_ID, USER_ID) VALUES (106, 'LIKED', 32, 2);
INSERT INTO PUBLIC.LIKED_NOLIKED (ID, OP, OCCURRENCE_ID, USER_ID) VALUES (107, 'LIKED', 32, 4);
INSERT INTO PUBLIC.LIKED_NOLIKED (ID, OP, OCCURRENCE_ID, USER_ID) VALUES (108, 'NOLIKED', 32, 8);
INSERT INTO PUBLIC.LIKED_NOLIKED (ID, OP, OCCURRENCE_ID, USER_ID) VALUES (109, 'LIKED', 32, 10);
INSERT INTO PUBLIC.LIKED_NOLIKED (ID, OP, OCCURRENCE_ID, USER_ID) VALUES (110, 'NOLIKED', 33, 1);
INSERT INTO PUBLIC.LIKED_NOLIKED (ID, OP, OCCURRENCE_ID, USER_ID) VALUES (111, 'LIKED', 33, 3);
INSERT INTO PUBLIC.LIKED_NOLIKED (ID, OP, OCCURRENCE_ID, USER_ID) VALUES (112, 'NOLIKED', 33, 6);
INSERT INTO PUBLIC.LIKED_NOLIKED (ID, OP, OCCURRENCE_ID, USER_ID) VALUES (113, 'NOLIKED', 33, 7);
INSERT INTO PUBLIC.LIKED_NOLIKED (ID, OP, OCCURRENCE_ID, USER_ID) VALUES (114, 'NOLIKED', 33, 8);
INSERT INTO PUBLIC.LIKED_NOLIKED (ID, OP, OCCURRENCE_ID, USER_ID) VALUES (115, 'NOLIKED', 33, 9);
INSERT INTO PUBLIC.LIKED_NOLIKED (ID, OP, OCCURRENCE_ID, USER_ID) VALUES (116, 'NOLIKED', 33, 10);
INSERT INTO PUBLIC.LIKED_NOLIKED (ID, OP, OCCURRENCE_ID, USER_ID) VALUES (117, 'LIKED', 34, 1);
INSERT INTO PUBLIC.LIKED_NOLIKED (ID, OP, OCCURRENCE_ID, USER_ID) VALUES (118, 'LIKED', 34, 3);
INSERT INTO PUBLIC.LIKED_NOLIKED (ID, OP, OCCURRENCE_ID, USER_ID) VALUES (119, 'NOLIKED', 34, 5);
INSERT INTO PUBLIC.LIKED_NOLIKED (ID, OP, OCCURRENCE_ID, USER_ID) VALUES (120, 'NOLIKED', 34, 7);
INSERT INTO PUBLIC.LIKED_NOLIKED (ID, OP, OCCURRENCE_ID, USER_ID) VALUES (121, 'NOLIKED', 34, 9);
INSERT INTO PUBLIC.LIKED_NOLIKED (ID, OP, OCCURRENCE_ID, USER_ID) VALUES (122, 'LIKED', 35, 2);
INSERT INTO PUBLIC.LIKED_NOLIKED (ID, OP, OCCURRENCE_ID, USER_ID) VALUES (123, 'NOLIKED', 35, 3);
INSERT INTO PUBLIC.LIKED_NOLIKED (ID, OP, OCCURRENCE_ID, USER_ID) VALUES (124, 'LIKED', 35, 4);
INSERT INTO PUBLIC.LIKED_NOLIKED (ID, OP, OCCURRENCE_ID, USER_ID) VALUES (125, 'LIKED', 35, 5);
INSERT INTO PUBLIC.LIKED_NOLIKED (ID, OP, OCCURRENCE_ID, USER_ID) VALUES (126, 'NOLIKED', 35, 6);
INSERT INTO PUBLIC.LIKED_NOLIKED (ID, OP, OCCURRENCE_ID, USER_ID) VALUES (127, 'LIKED', 35, 8);
INSERT INTO PUBLIC.LIKED_NOLIKED (ID, OP, OCCURRENCE_ID, USER_ID) VALUES (128, 'LIKED', 36, 6);
INSERT INTO PUBLIC.LIKED_NOLIKED (ID, OP, OCCURRENCE_ID, USER_ID) VALUES (129, 'NOLIKED', 36, 8);
INSERT INTO PUBLIC.LIKED_NOLIKED (ID, OP, OCCURRENCE_ID, USER_ID) VALUES (130, 'NOLIKED', 38, 2);
INSERT INTO PUBLIC.LIKED_NOLIKED (ID, OP, OCCURRENCE_ID, USER_ID) VALUES (131, 'LIKED', 38, 3);
INSERT INTO PUBLIC.LIKED_NOLIKED (ID, OP, OCCURRENCE_ID, USER_ID) VALUES (132, 'NOLIKED', 38, 5);
INSERT INTO PUBLIC.LIKED_NOLIKED (ID, OP, OCCURRENCE_ID, USER_ID) VALUES (133, 'LIKED', 38, 6);
INSERT INTO PUBLIC.LIKED_NOLIKED (ID, OP, OCCURRENCE_ID, USER_ID) VALUES (134, 'LIKED', 38, 9);
INSERT INTO PUBLIC.LIKED_NOLIKED (ID, OP, OCCURRENCE_ID, USER_ID) VALUES (135, 'NOLIKED', 38, 10);
INSERT INTO PUBLIC.LIKED_NOLIKED (ID, OP, OCCURRENCE_ID, USER_ID) VALUES (136, 'LIKED', 40, 3);
INSERT INTO PUBLIC.LIKED_NOLIKED (ID, OP, OCCURRENCE_ID, USER_ID) VALUES (137, 'NOLIKED', 40, 9);
INSERT INTO PUBLIC.LIKED_NOLIKED (ID, OP, OCCURRENCE_ID, USER_ID) VALUES (138, 'NOLIKED', 41, 3);
INSERT INTO PUBLIC.LIKED_NOLIKED (ID, OP, OCCURRENCE_ID, USER_ID) VALUES (139, 'NOLIKED', 41, 6);
INSERT INTO PUBLIC.LIKED_NOLIKED (ID, OP, OCCURRENCE_ID, USER_ID) VALUES (140, 'NOLIKED', 41, 8);
INSERT INTO PUBLIC.LIKED_NOLIKED (ID, OP, OCCURRENCE_ID, USER_ID) VALUES (141, 'NOLIKED', 42, 1);
INSERT INTO PUBLIC.LIKED_NOLIKED (ID, OP, OCCURRENCE_ID, USER_ID) VALUES (142, 'NOLIKED', 42, 2);
INSERT INTO PUBLIC.LIKED_NOLIKED (ID, OP, OCCURRENCE_ID, USER_ID) VALUES (143, 'LIKED', 42, 4);
INSERT INTO PUBLIC.LIKED_NOLIKED (ID, OP, OCCURRENCE_ID, USER_ID) VALUES (144, 'NOLIKED', 42, 8);
INSERT INTO PUBLIC.LIKED_NOLIKED (ID, OP, OCCURRENCE_ID, USER_ID) VALUES (145, 'NOLIKED', 42, 9);
INSERT INTO PUBLIC.LIKED_NOLIKED (ID, OP, OCCURRENCE_ID, USER_ID) VALUES (146, 'NOLIKED', 43, 4);
INSERT INTO PUBLIC.LIKED_NOLIKED (ID, OP, OCCURRENCE_ID, USER_ID) VALUES (147, 'NOLIKED', 43, 5);
INSERT INTO PUBLIC.LIKED_NOLIKED (ID, OP, OCCURRENCE_ID, USER_ID) VALUES (148, 'NOLIKED', 43, 7);
INSERT INTO PUBLIC.LIKED_NOLIKED (ID, OP, OCCURRENCE_ID, USER_ID) VALUES (149, 'NOLIKED', 44, 2);
INSERT INTO PUBLIC.LIKED_NOLIKED (ID, OP, OCCURRENCE_ID, USER_ID) VALUES (150, 'NOLIKED', 44, 3);
INSERT INTO PUBLIC.LIKED_NOLIKED (ID, OP, OCCURRENCE_ID, USER_ID) VALUES (151, 'NOLIKED', 44, 4);
INSERT INTO PUBLIC.LIKED_NOLIKED (ID, OP, OCCURRENCE_ID, USER_ID) VALUES (152, 'LIKED', 44, 8);
INSERT INTO PUBLIC.LIKED_NOLIKED (ID, OP, OCCURRENCE_ID, USER_ID) VALUES (153, 'LIKED', 44, 9);
INSERT INTO PUBLIC.LIKED_NOLIKED (ID, OP, OCCURRENCE_ID, USER_ID) VALUES (154, 'LIKED', 45, 1);
INSERT INTO PUBLIC.LIKED_NOLIKED (ID, OP, OCCURRENCE_ID, USER_ID) VALUES (155, 'NOLIKED', 46, 3);
INSERT INTO PUBLIC.LIKED_NOLIKED (ID, OP, OCCURRENCE_ID, USER_ID) VALUES (156, 'NOLIKED', 46, 7);
INSERT INTO PUBLIC.LIKED_NOLIKED (ID, OP, OCCURRENCE_ID, USER_ID) VALUES (157, 'LIKED', 46, 8);
INSERT INTO PUBLIC.LIKED_NOLIKED (ID, OP, OCCURRENCE_ID, USER_ID) VALUES (158, 'NOLIKED', 46, 9);
INSERT INTO PUBLIC.LIKED_NOLIKED (ID, OP, OCCURRENCE_ID, USER_ID) VALUES (159, 'LIKED', 47, 2);
INSERT INTO PUBLIC.LIKED_NOLIKED (ID, OP, OCCURRENCE_ID, USER_ID) VALUES (160, 'LIKED', 47, 7);
INSERT INTO PUBLIC.LIKED_NOLIKED (ID, OP, OCCURRENCE_ID, USER_ID) VALUES (161, 'NOLIKED', 47, 8);
INSERT INTO PUBLIC.LIKED_NOLIKED (ID, OP, OCCURRENCE_ID, USER_ID) VALUES (162, 'NOLIKED', 48, 3);
INSERT INTO PUBLIC.LIKED_NOLIKED (ID, OP, OCCURRENCE_ID, USER_ID) VALUES (163, 'NOLIKED', 48, 4);
INSERT INTO PUBLIC.LIKED_NOLIKED (ID, OP, OCCURRENCE_ID, USER_ID) VALUES (164, 'NOLIKED', 48, 7);
INSERT INTO PUBLIC.LIKED_NOLIKED (ID, OP, OCCURRENCE_ID, USER_ID) VALUES (165, 'NOLIKED', 49, 1);
INSERT INTO PUBLIC.LIKED_NOLIKED (ID, OP, OCCURRENCE_ID, USER_ID) VALUES (166, 'LIKED', 49, 2);
INSERT INTO PUBLIC.LIKED_NOLIKED (ID, OP, OCCURRENCE_ID, USER_ID) VALUES (167, 'NOLIKED', 49, 5);
INSERT INTO PUBLIC.LIKED_NOLIKED (ID, OP, OCCURRENCE_ID, USER_ID) VALUES (168, 'NOLIKED', 49, 6);
INSERT INTO PUBLIC.LIKED_NOLIKED (ID, OP, OCCURRENCE_ID, USER_ID) VALUES (169, 'NOLIKED', 49, 7);
INSERT INTO PUBLIC.LIKED_NOLIKED (ID, OP, OCCURRENCE_ID, USER_ID) VALUES (170, 'LIKED', 50, 2);
INSERT INTO PUBLIC.LIKED_NOLIKED (ID, OP, OCCURRENCE_ID, USER_ID) VALUES (171, 'LIKED', 50, 5);
INSERT INTO PUBLIC.LIKED_NOLIKED (ID, OP, OCCURRENCE_ID, USER_ID) VALUES (172, 'LIKED', 50, 9);
INSERT INTO PUBLIC.LIKED_NOLIKED (ID, OP, OCCURRENCE_ID, USER_ID) VALUES (173, 'NOLIKED', 51, 4);
INSERT INTO PUBLIC.LIKED_NOLIKED (ID, OP, OCCURRENCE_ID, USER_ID) VALUES (174, 'LIKED', 51, 7);
INSERT INTO PUBLIC.LIKED_NOLIKED (ID, OP, OCCURRENCE_ID, USER_ID) VALUES (175, 'LIKED', 52, 1);
INSERT INTO PUBLIC.LIKED_NOLIKED (ID, OP, OCCURRENCE_ID, USER_ID) VALUES (176, 'NOLIKED', 52, 5);
INSERT INTO PUBLIC.LIKED_NOLIKED (ID, OP, OCCURRENCE_ID, USER_ID) VALUES (177, 'NOLIKED', 52, 6);
INSERT INTO PUBLIC.LIKED_NOLIKED (ID, OP, OCCURRENCE_ID, USER_ID) VALUES (178, 'NOLIKED', 52, 9);
INSERT INTO PUBLIC.LIKED_NOLIKED (ID, OP, OCCURRENCE_ID, USER_ID) VALUES (179, 'NOLIKED', 53, 1);
INSERT INTO PUBLIC.LIKED_NOLIKED (ID, OP, OCCURRENCE_ID, USER_ID) VALUES (180, 'NOLIKED', 53, 6);
INSERT INTO PUBLIC.LIKED_NOLIKED (ID, OP, OCCURRENCE_ID, USER_ID) VALUES (181, 'NOLIKED', 53, 7);
INSERT INTO PUBLIC.LIKED_NOLIKED (ID, OP, OCCURRENCE_ID, USER_ID) VALUES (182, 'NOLIKED', 53, 8);
INSERT INTO PUBLIC.LIKED_NOLIKED (ID, OP, OCCURRENCE_ID, USER_ID) VALUES (183, 'NOLIKED', 53, 9);
INSERT INTO PUBLIC.LIKED_NOLIKED (ID, OP, OCCURRENCE_ID, USER_ID) VALUES (184, 'NOLIKED', 53, 10);
INSERT INTO PUBLIC.LIKED_NOLIKED (ID, OP, OCCURRENCE_ID, USER_ID) VALUES (185, 'LIKED', 54, 1);
INSERT INTO PUBLIC.LIKED_NOLIKED (ID, OP, OCCURRENCE_ID, USER_ID) VALUES (186, 'NOLIKED', 54, 8);
INSERT INTO PUBLIC.LIKED_NOLIKED (ID, OP, OCCURRENCE_ID, USER_ID) VALUES (187, 'LIKED', 56, 1);
INSERT INTO PUBLIC.LIKED_NOLIKED (ID, OP, OCCURRENCE_ID, USER_ID) VALUES (188, 'NOLIKED', 56, 2);
INSERT INTO PUBLIC.LIKED_NOLIKED (ID, OP, OCCURRENCE_ID, USER_ID) VALUES (189, 'LIKED', 56, 4);
INSERT INTO PUBLIC.LIKED_NOLIKED (ID, OP, OCCURRENCE_ID, USER_ID) VALUES (190, 'NOLIKED', 56, 5);
INSERT INTO PUBLIC.LIKED_NOLIKED (ID, OP, OCCURRENCE_ID, USER_ID) VALUES (191, 'NOLIKED', 56, 9);
INSERT INTO PUBLIC.LIKED_NOLIKED (ID, OP, OCCURRENCE_ID, USER_ID) VALUES (192, 'LIKED', 56, 10);
INSERT INTO PUBLIC.LIKED_NOLIKED (ID, OP, OCCURRENCE_ID, USER_ID) VALUES (193, 'LIKED', 57, 5);
INSERT INTO PUBLIC.LIKED_NOLIKED (ID, OP, OCCURRENCE_ID, USER_ID) VALUES (194, 'LIKED', 57, 8);
INSERT INTO PUBLIC.LIKED_NOLIKED (ID, OP, OCCURRENCE_ID, USER_ID) VALUES (195, 'NOLIKED', 58, 2);
INSERT INTO PUBLIC.LIKED_NOLIKED (ID, OP, OCCURRENCE_ID, USER_ID) VALUES (196, 'LIKED', 58, 3);
INSERT INTO PUBLIC.LIKED_NOLIKED (ID, OP, OCCURRENCE_ID, USER_ID) VALUES (197, 'LIKED', 58, 4);
INSERT INTO PUBLIC.LIKED_NOLIKED (ID, OP, OCCURRENCE_ID, USER_ID) VALUES (198, 'LIKED', 58, 5);
INSERT INTO PUBLIC.LIKED_NOLIKED (ID, OP, OCCURRENCE_ID, USER_ID) VALUES (199, 'LIKED', 59, 3);
INSERT INTO PUBLIC.LIKED_NOLIKED (ID, OP, OCCURRENCE_ID, USER_ID) VALUES (200, 'NOLIKED', 59, 8);
INSERT INTO PUBLIC.LIKED_NOLIKED (ID, OP, OCCURRENCE_ID, USER_ID) VALUES (201, 'NOLIKED', 60, 3);
INSERT INTO PUBLIC.LIKED_NOLIKED (ID, OP, OCCURRENCE_ID, USER_ID) VALUES (202, 'NOLIKED', 60, 6);
INSERT INTO PUBLIC.LIKED_NOLIKED (ID, OP, OCCURRENCE_ID, USER_ID) VALUES (203, 'NOLIKED', 60, 7);
INSERT INTO PUBLIC.LIKED_NOLIKED (ID, OP, OCCURRENCE_ID, USER_ID) VALUES (204, 'NOLIKED', 60, 9);
INSERT INTO PUBLIC.LIKED_NOLIKED (ID, OP, OCCURRENCE_ID, USER_ID) VALUES (205, 'LIKED', 61, 1);
INSERT INTO PUBLIC.LIKED_NOLIKED (ID, OP, OCCURRENCE_ID, USER_ID) VALUES (206, 'LIKED', 61, 4);
INSERT INTO PUBLIC.LIKED_NOLIKED (ID, OP, OCCURRENCE_ID, USER_ID) VALUES (207, 'LIKED', 61, 6);
INSERT INTO PUBLIC.LIKED_NOLIKED (ID, OP, OCCURRENCE_ID, USER_ID) VALUES (208, 'NOLIKED', 62, 1);
INSERT INTO PUBLIC.LIKED_NOLIKED (ID, OP, OCCURRENCE_ID, USER_ID) VALUES (209, 'NOLIKED', 62, 2);
INSERT INTO PUBLIC.LIKED_NOLIKED (ID, OP, OCCURRENCE_ID, USER_ID) VALUES (210, 'LIKED', 62, 6);
INSERT INTO PUBLIC.LIKED_NOLIKED (ID, OP, OCCURRENCE_ID, USER_ID) VALUES (211, 'NOLIKED', 62, 7);
INSERT INTO PUBLIC.LIKED_NOLIKED (ID, OP, OCCURRENCE_ID, USER_ID) VALUES (212, 'NOLIKED', 62, 9);
INSERT INTO PUBLIC.LIKED_NOLIKED (ID, OP, OCCURRENCE_ID, USER_ID) VALUES (213, 'NOLIKED', 63, 4);
INSERT INTO PUBLIC.LIKED_NOLIKED (ID, OP, OCCURRENCE_ID, USER_ID) VALUES (214, 'NOLIKED', 63, 5);
INSERT INTO PUBLIC.LIKED_NOLIKED (ID, OP, OCCURRENCE_ID, USER_ID) VALUES (215, 'NOLIKED', 63, 8);
INSERT INTO PUBLIC.LIKED_NOLIKED (ID, OP, OCCURRENCE_ID, USER_ID) VALUES (216, 'NOLIKED', 63, 9);
INSERT INTO PUBLIC.LIKED_NOLIKED (ID, OP, OCCURRENCE_ID, USER_ID) VALUES (217, 'NOLIKED', 64, 1);
INSERT INTO PUBLIC.LIKED_NOLIKED (ID, OP, OCCURRENCE_ID, USER_ID) VALUES (218, 'NOLIKED', 64, 2);
INSERT INTO PUBLIC.LIKED_NOLIKED (ID, OP, OCCURRENCE_ID, USER_ID) VALUES (219, 'LIKED', 64, 5);
INSERT INTO PUBLIC.LIKED_NOLIKED (ID, OP, OCCURRENCE_ID, USER_ID) VALUES (220, 'NOLIKED', 64, 6);
INSERT INTO PUBLIC.LIKED_NOLIKED (ID, OP, OCCURRENCE_ID, USER_ID) VALUES (221, 'NOLIKED', 64, 8);
INSERT INTO PUBLIC.LIKED_NOLIKED (ID, OP, OCCURRENCE_ID, USER_ID) VALUES (222, 'LIKED', 64, 10);
INSERT INTO PUBLIC.LIKED_NOLIKED (ID, OP, OCCURRENCE_ID, USER_ID) VALUES (223, 'NOLIKED', 65, 3);
INSERT INTO PUBLIC.LIKED_NOLIKED (ID, OP, OCCURRENCE_ID, USER_ID) VALUES (224, 'LIKED', 65, 7);
INSERT INTO PUBLIC.LIKED_NOLIKED (ID, OP, OCCURRENCE_ID, USER_ID) VALUES (225, 'LIKED', 65, 9);
INSERT INTO PUBLIC.LIKED_NOLIKED (ID, OP, OCCURRENCE_ID, USER_ID) VALUES (226, 'LIKED', 66, 2);
INSERT INTO PUBLIC.LIKED_NOLIKED (ID, OP, OCCURRENCE_ID, USER_ID) VALUES (227, 'LIKED', 66, 3);
INSERT INTO PUBLIC.LIKED_NOLIKED (ID, OP, OCCURRENCE_ID, USER_ID) VALUES (228, 'NOLIKED', 66, 4);
INSERT INTO PUBLIC.LIKED_NOLIKED (ID, OP, OCCURRENCE_ID, USER_ID) VALUES (229, 'LIKED', 66, 5);
INSERT INTO PUBLIC.LIKED_NOLIKED (ID, OP, OCCURRENCE_ID, USER_ID) VALUES (230, 'NOLIKED', 66, 7);
INSERT INTO PUBLIC.LIKED_NOLIKED (ID, OP, OCCURRENCE_ID, USER_ID) VALUES (231, 'LIKED', 66, 8);
INSERT INTO PUBLIC.LIKED_NOLIKED (ID, OP, OCCURRENCE_ID, USER_ID) VALUES (232, 'LIKED', 67, 7);
INSERT INTO PUBLIC.LIKED_NOLIKED (ID, OP, OCCURRENCE_ID, USER_ID) VALUES (233, 'LIKED', 67, 8);
INSERT INTO PUBLIC.LIKED_NOLIKED (ID, OP, OCCURRENCE_ID, USER_ID) VALUES (234, 'LIKED', 68, 3);
INSERT INTO PUBLIC.LIKED_NOLIKED (ID, OP, OCCURRENCE_ID, USER_ID) VALUES (235, 'NOLIKED', 68, 7);
INSERT INTO PUBLIC.LIKED_NOLIKED (ID, OP, OCCURRENCE_ID, USER_ID) VALUES (236, 'NOLIKED', 68, 8);
INSERT INTO PUBLIC.LIKED_NOLIKED (ID, OP, OCCURRENCE_ID, USER_ID) VALUES (237, 'LIKED', 68, 9);
INSERT INTO PUBLIC.LIKED_NOLIKED (ID, OP, OCCURRENCE_ID, USER_ID) VALUES (238, 'NOLIKED', 68, 10);
INSERT INTO PUBLIC.LIKED_NOLIKED (ID, OP, OCCURRENCE_ID, USER_ID) VALUES (239, 'NOLIKED', 69, 4);
INSERT INTO PUBLIC.LIKED_NOLIKED (ID, OP, OCCURRENCE_ID, USER_ID) VALUES (240, 'NOLIKED', 71, 1);
INSERT INTO PUBLIC.LIKED_NOLIKED (ID, OP, OCCURRENCE_ID, USER_ID) VALUES (241, 'LIKED', 71, 7);
INSERT INTO PUBLIC.LIKED_NOLIKED (ID, OP, OCCURRENCE_ID, USER_ID) VALUES (242, 'NOLIKED', 72, 1);
INSERT INTO PUBLIC.LIKED_NOLIKED (ID, OP, OCCURRENCE_ID, USER_ID) VALUES (243, 'LIKED', 72, 3);
INSERT INTO PUBLIC.LIKED_NOLIKED (ID, OP, OCCURRENCE_ID, USER_ID) VALUES (244, 'NOLIKED', 72, 4);
INSERT INTO PUBLIC.LIKED_NOLIKED (ID, OP, OCCURRENCE_ID, USER_ID) VALUES (245, 'LIKED', 72, 5);
INSERT INTO PUBLIC.LIKED_NOLIKED (ID, OP, OCCURRENCE_ID, USER_ID) VALUES (246, 'LIKED', 72, 7);
INSERT INTO PUBLIC.LIKED_NOLIKED (ID, OP, OCCURRENCE_ID, USER_ID) VALUES (247, 'LIKED', 72, 9);
INSERT INTO PUBLIC.LIKED_NOLIKED (ID, OP, OCCURRENCE_ID, USER_ID) VALUES (248, 'LIKED', 73, 7);
INSERT INTO PUBLIC.LIKED_NOLIKED (ID, OP, OCCURRENCE_ID, USER_ID) VALUES (249, 'NOLIKED', 73, 8);
INSERT INTO PUBLIC.LIKED_NOLIKED (ID, OP, OCCURRENCE_ID, USER_ID) VALUES (250, 'NOLIKED', 74, 4);
INSERT INTO PUBLIC.LIKED_NOLIKED (ID, OP, OCCURRENCE_ID, USER_ID) VALUES (251, 'NOLIKED', 74, 10);
INSERT INTO PUBLIC.LIKED_NOLIKED (ID, OP, OCCURRENCE_ID, USER_ID) VALUES (252, 'NOLIKED', 75, 6);
INSERT INTO PUBLIC.LIKED_NOLIKED (ID, OP, OCCURRENCE_ID, USER_ID) VALUES (253, 'NOLIKED', 75, 8);
INSERT INTO PUBLIC.LIKED_NOLIKED (ID, OP, OCCURRENCE_ID, USER_ID) VALUES (254, 'LIKED', 75, 9);
INSERT INTO PUBLIC.LIKED_NOLIKED (ID, OP, OCCURRENCE_ID, USER_ID) VALUES (255, 'LIKED', 76, 1);
INSERT INTO PUBLIC.LIKED_NOLIKED (ID, OP, OCCURRENCE_ID, USER_ID) VALUES (256, 'NOLIKED', 76, 6);
INSERT INTO PUBLIC.LIKED_NOLIKED (ID, OP, OCCURRENCE_ID, USER_ID) VALUES (257, 'LIKED', 76, 9);
INSERT INTO PUBLIC.LIKED_NOLIKED (ID, OP, OCCURRENCE_ID, USER_ID) VALUES (258, 'NOLIKED', 77, 1);
INSERT INTO PUBLIC.LIKED_NOLIKED (ID, OP, OCCURRENCE_ID, USER_ID) VALUES (259, 'NOLIKED', 77, 3);
INSERT INTO PUBLIC.LIKED_NOLIKED (ID, OP, OCCURRENCE_ID, USER_ID) VALUES (260, 'LIKED', 77, 6);
INSERT INTO PUBLIC.LIKED_NOLIKED (ID, OP, OCCURRENCE_ID, USER_ID) VALUES (261, 'LIKED', 77, 9);
INSERT INTO PUBLIC.LIKED_NOLIKED (ID, OP, OCCURRENCE_ID, USER_ID) VALUES (262, 'LIKED', 78, 6);
INSERT INTO PUBLIC.LIKED_NOLIKED (ID, OP, OCCURRENCE_ID, USER_ID) VALUES (263, 'LIKED', 78, 7);
INSERT INTO PUBLIC.LIKED_NOLIKED (ID, OP, OCCURRENCE_ID, USER_ID) VALUES (264, 'NOLIKED', 78, 8);
INSERT INTO PUBLIC.LIKED_NOLIKED (ID, OP, OCCURRENCE_ID, USER_ID) VALUES (265, 'LIKED', 78, 9);
INSERT INTO PUBLIC.LIKED_NOLIKED (ID, OP, OCCURRENCE_ID, USER_ID) VALUES (266, 'NOLIKED', 79, 1);
INSERT INTO PUBLIC.LIKED_NOLIKED (ID, OP, OCCURRENCE_ID, USER_ID) VALUES (267, 'LIKED', 79, 2);
INSERT INTO PUBLIC.LIKED_NOLIKED (ID, OP, OCCURRENCE_ID, USER_ID) VALUES (268, 'NOLIKED', 79, 3);
INSERT INTO PUBLIC.LIKED_NOLIKED (ID, OP, OCCURRENCE_ID, USER_ID) VALUES (269, 'NOLIKED', 79, 4);
INSERT INTO PUBLIC.LIKED_NOLIKED (ID, OP, OCCURRENCE_ID, USER_ID) VALUES (270, 'LIKED', 79, 5);
INSERT INTO PUBLIC.LIKED_NOLIKED (ID, OP, OCCURRENCE_ID, USER_ID) VALUES (271, 'NOLIKED', 79, 7);
INSERT INTO PUBLIC.LIKED_NOLIKED (ID, OP, OCCURRENCE_ID, USER_ID) VALUES (272, 'LIKED', 79, 8);
INSERT INTO PUBLIC.LIKED_NOLIKED (ID, OP, OCCURRENCE_ID, USER_ID) VALUES (273, 'LIKED', 80, 1);
INSERT INTO PUBLIC.LIKED_NOLIKED (ID, OP, OCCURRENCE_ID, USER_ID) VALUES (274, 'LIKED', 80, 2);
INSERT INTO PUBLIC.LIKED_NOLIKED (ID, OP, OCCURRENCE_ID, USER_ID) VALUES (275, 'NOLIKED', 80, 3);
INSERT INTO PUBLIC.LIKED_NOLIKED (ID, OP, OCCURRENCE_ID, USER_ID) VALUES (276, 'LIKED', 80, 5);
INSERT INTO PUBLIC.LIKED_NOLIKED (ID, OP, OCCURRENCE_ID, USER_ID) VALUES (277, 'LIKED', 80, 8);
INSERT INTO PUBLIC.LIKED_NOLIKED (ID, OP, OCCURRENCE_ID, USER_ID) VALUES (278, 'LIKED', 81, 1);
INSERT INTO PUBLIC.LIKED_NOLIKED (ID, OP, OCCURRENCE_ID, USER_ID) VALUES (279, 'LIKED', 81, 3);
INSERT INTO PUBLIC.LIKED_NOLIKED (ID, OP, OCCURRENCE_ID, USER_ID) VALUES (280, 'LIKED', 81, 4);
INSERT INTO PUBLIC.LIKED_NOLIKED (ID, OP, OCCURRENCE_ID, USER_ID) VALUES (281, 'NOLIKED', 81, 5);
INSERT INTO PUBLIC.LIKED_NOLIKED (ID, OP, OCCURRENCE_ID, USER_ID) VALUES (282, 'LIKED', 81, 7);
INSERT INTO PUBLIC.LIKED_NOLIKED (ID, OP, OCCURRENCE_ID, USER_ID) VALUES (283, 'NOLIKED', 81, 9);
INSERT INTO PUBLIC.LIKED_NOLIKED (ID, OP, OCCURRENCE_ID, USER_ID) VALUES (284, 'NOLIKED', 82, 2);
INSERT INTO PUBLIC.LIKED_NOLIKED (ID, OP, OCCURRENCE_ID, USER_ID) VALUES (285, 'NOLIKED', 82, 7);
INSERT INTO PUBLIC.LIKED_NOLIKED (ID, OP, OCCURRENCE_ID, USER_ID) VALUES (286, 'NOLIKED', 83, 2);
INSERT INTO PUBLIC.LIKED_NOLIKED (ID, OP, OCCURRENCE_ID, USER_ID) VALUES (287, 'NOLIKED', 83, 5);
INSERT INTO PUBLIC.LIKED_NOLIKED (ID, OP, OCCURRENCE_ID, USER_ID) VALUES (288, 'LIKED', 83, 6);
INSERT INTO PUBLIC.LIKED_NOLIKED (ID, OP, OCCURRENCE_ID, USER_ID) VALUES (289, 'LIKED', 83, 7);
INSERT INTO PUBLIC.LIKED_NOLIKED (ID, OP, OCCURRENCE_ID, USER_ID) VALUES (290, 'NOLIKED', 83, 9);
INSERT INTO PUBLIC.LIKED_NOLIKED (ID, OP, OCCURRENCE_ID, USER_ID) VALUES (291, 'LIKED', 83, 10);
INSERT INTO PUBLIC.LIKED_NOLIKED (ID, OP, OCCURRENCE_ID, USER_ID) VALUES (292, 'LIKED', 84, 3);
INSERT INTO PUBLIC.LIKED_NOLIKED (ID, OP, OCCURRENCE_ID, USER_ID) VALUES (293, 'NOLIKED', 84, 4);
INSERT INTO PUBLIC.LIKED_NOLIKED (ID, OP, OCCURRENCE_ID, USER_ID) VALUES (294, 'NOLIKED', 84, 9);
INSERT INTO PUBLIC.LIKED_NOLIKED (ID, OP, OCCURRENCE_ID, USER_ID) VALUES (295, 'LIKED', 85, 1);
INSERT INTO PUBLIC.LIKED_NOLIKED (ID, OP, OCCURRENCE_ID, USER_ID) VALUES (296, 'NOLIKED', 85, 2);
INSERT INTO PUBLIC.LIKED_NOLIKED (ID, OP, OCCURRENCE_ID, USER_ID) VALUES (297, 'LIKED', 85, 4);
INSERT INTO PUBLIC.LIKED_NOLIKED (ID, OP, OCCURRENCE_ID, USER_ID) VALUES (298, 'NOLIKED', 86, 1);
INSERT INTO PUBLIC.LIKED_NOLIKED (ID, OP, OCCURRENCE_ID, USER_ID) VALUES (299, 'LIKED', 86, 2);
INSERT INTO PUBLIC.LIKED_NOLIKED (ID, OP, OCCURRENCE_ID, USER_ID) VALUES (300, 'LIKED', 87, 3);
INSERT INTO PUBLIC.LIKED_NOLIKED (ID, OP, OCCURRENCE_ID, USER_ID) VALUES (301, 'NOLIKED', 87, 4);
INSERT INTO PUBLIC.LIKED_NOLIKED (ID, OP, OCCURRENCE_ID, USER_ID) VALUES (302, 'LIKED', 87, 8);
INSERT INTO PUBLIC.LIKED_NOLIKED (ID, OP, OCCURRENCE_ID, USER_ID) VALUES (303, 'LIKED', 87, 9);
INSERT INTO PUBLIC.LIKED_NOLIKED (ID, OP, OCCURRENCE_ID, USER_ID) VALUES (304, 'LIKED', 87, 10);
INSERT INTO PUBLIC.LIKED_NOLIKED (ID, OP, OCCURRENCE_ID, USER_ID) VALUES (305, 'NOLIKED', 88, 2);
INSERT INTO PUBLIC.LIKED_NOLIKED (ID, OP, OCCURRENCE_ID, USER_ID) VALUES (306, 'LIKED', 88, 4);
INSERT INTO PUBLIC.LIKED_NOLIKED (ID, OP, OCCURRENCE_ID, USER_ID) VALUES (307, 'LIKED', 88, 5);
INSERT INTO PUBLIC.LIKED_NOLIKED (ID, OP, OCCURRENCE_ID, USER_ID) VALUES (308, 'NOLIKED', 88, 6);
INSERT INTO PUBLIC.LIKED_NOLIKED (ID, OP, OCCURRENCE_ID, USER_ID) VALUES (309, 'LIKED', 89, 2);
INSERT INTO PUBLIC.LIKED_NOLIKED (ID, OP, OCCURRENCE_ID, USER_ID) VALUES (310, 'NOLIKED', 89, 5);
INSERT INTO PUBLIC.LIKED_NOLIKED (ID, OP, OCCURRENCE_ID, USER_ID) VALUES (311, 'LIKED', 89, 7);
INSERT INTO PUBLIC.LIKED_NOLIKED (ID, OP, OCCURRENCE_ID, USER_ID) VALUES (312, 'LIKED', 89, 10);
INSERT INTO PUBLIC.LIKED_NOLIKED (ID, OP, OCCURRENCE_ID, USER_ID) VALUES (313, 'NOLIKED', 90, 2);
INSERT INTO PUBLIC.LIKED_NOLIKED (ID, OP, OCCURRENCE_ID, USER_ID) VALUES (314, 'LIKED', 90, 3);
INSERT INTO PUBLIC.LIKED_NOLIKED (ID, OP, OCCURRENCE_ID, USER_ID) VALUES (315, 'NOLIKED', 90, 5);
INSERT INTO PUBLIC.LIKED_NOLIKED (ID, OP, OCCURRENCE_ID, USER_ID) VALUES (316, 'NOLIKED', 90, 7);
INSERT INTO PUBLIC.LIKED_NOLIKED (ID, OP, OCCURRENCE_ID, USER_ID) VALUES (317, 'NOLIKED', 90, 8);
INSERT INTO PUBLIC.LIKED_NOLIKED (ID, OP, OCCURRENCE_ID, USER_ID) VALUES (318, 'LIKED', 90, 9);
INSERT INTO PUBLIC.LIKED_NOLIKED (ID, OP, OCCURRENCE_ID, USER_ID) VALUES (319, 'NOLIKED', 91, 2);
INSERT INTO PUBLIC.LIKED_NOLIKED (ID, OP, OCCURRENCE_ID, USER_ID) VALUES (320, 'NOLIKED', 91, 6);
INSERT INTO PUBLIC.LIKED_NOLIKED (ID, OP, OCCURRENCE_ID, USER_ID) VALUES (321, 'NOLIKED', 92, 1);
INSERT INTO PUBLIC.LIKED_NOLIKED (ID, OP, OCCURRENCE_ID, USER_ID) VALUES (322, 'LIKED', 92, 2);
INSERT INTO PUBLIC.LIKED_NOLIKED (ID, OP, OCCURRENCE_ID, USER_ID) VALUES (323, 'LIKED', 92, 3);
INSERT INTO PUBLIC.LIKED_NOLIKED (ID, OP, OCCURRENCE_ID, USER_ID) VALUES (324, 'NOLIKED', 92, 5);
INSERT INTO PUBLIC.LIKED_NOLIKED (ID, OP, OCCURRENCE_ID, USER_ID) VALUES (325, 'NOLIKED', 92, 9);
INSERT INTO PUBLIC.LIKED_NOLIKED (ID, OP, OCCURRENCE_ID, USER_ID) VALUES (326, 'NOLIKED', 94, 1);
INSERT INTO PUBLIC.LIKED_NOLIKED (ID, OP, OCCURRENCE_ID, USER_ID) VALUES (327, 'LIKED', 94, 2);
INSERT INTO PUBLIC.LIKED_NOLIKED (ID, OP, OCCURRENCE_ID, USER_ID) VALUES (328, 'NOLIKED', 94, 4);
INSERT INTO PUBLIC.LIKED_NOLIKED (ID, OP, OCCURRENCE_ID, USER_ID) VALUES (329, 'NOLIKED', 94, 7);
INSERT INTO PUBLIC.LIKED_NOLIKED (ID, OP, OCCURRENCE_ID, USER_ID) VALUES (330, 'LIKED', 94, 9);
INSERT INTO PUBLIC.LIKED_NOLIKED (ID, OP, OCCURRENCE_ID, USER_ID) VALUES (331, 'LIKED', 94, 10);
INSERT INTO PUBLIC.LIKED_NOLIKED (ID, OP, OCCURRENCE_ID, USER_ID) VALUES (332, 'NOLIKED', 95, 7);
INSERT INTO PUBLIC.LIKED_NOLIKED (ID, OP, OCCURRENCE_ID, USER_ID) VALUES (333, 'NOLIKED', 95, 9);
INSERT INTO PUBLIC.LIKED_NOLIKED (ID, OP, OCCURRENCE_ID, USER_ID) VALUES (334, 'LIKED', 96, 1);
INSERT INTO PUBLIC.LIKED_NOLIKED (ID, OP, OCCURRENCE_ID, USER_ID) VALUES (335, 'NOLIKED', 96, 2);
INSERT INTO PUBLIC.LIKED_NOLIKED (ID, OP, OCCURRENCE_ID, USER_ID) VALUES (336, 'NOLIKED', 96, 5);
INSERT INTO PUBLIC.LIKED_NOLIKED (ID, OP, OCCURRENCE_ID, USER_ID) VALUES (337, 'NOLIKED', 96, 6);
INSERT INTO PUBLIC.LIKED_NOLIKED (ID, OP, OCCURRENCE_ID, USER_ID) VALUES (338, 'NOLIKED', 96, 7);
INSERT INTO PUBLIC.LIKED_NOLIKED (ID, OP, OCCURRENCE_ID, USER_ID) VALUES (339, 'LIKED', 96, 8);
INSERT INTO PUBLIC.LIKED_NOLIKED (ID, OP, OCCURRENCE_ID, USER_ID) VALUES (340, 'NOLIKED', 97, 8);
INSERT INTO PUBLIC.LIKED_NOLIKED (ID, OP, OCCURRENCE_ID, USER_ID) VALUES (341, 'NOLIKED', 98, 1);
INSERT INTO PUBLIC.LIKED_NOLIKED (ID, OP, OCCURRENCE_ID, USER_ID) VALUES (342, 'NOLIKED', 99, 1);